car_ID,symboling,CarName,fueltype,aspiration,doornumber,carbody,drivewheel,enginelocation,wheelbase,carlength,carwidth,carheight,curbweight,enginetype,cylindernumber,enginesize,fuelsystem,boreratio,stroke,compressionratio,horsepower,peakrpm,citympg,highwaympg,price
1,-2,ford hatchback,gas,std,two,hardtop,fwd,rear,87.1,146.6,63.5,55.2,3798,ohcf,eight,274,2bbl,3.17,2.7,11.3,242,4500,32,36,32696
2,-1,audi suv,gas,std,four,sedan,rwd,rear,106.5,196.5,70.9,54.4,3050,ohc,six,210,spdi,3.83,2.9,8.0,65,4200,22,29,48336
3,-2,audi sedan,diesel,turbo,four,wagon,fwd,rear,98.1,186.9,70.5,56.2,1792,rotor,eight,147,spdi,3.59,2.41,8.9,284,6500,19,26,41500
4,-2,audi sedan,diesel,turbo,four,sedan,fwd,rear,93.2,174.9,73.3,55.7,2085,dohc,three,186,spdi,3.31,3.87,9.1,197,5500,19,27,28723
5,2,hyundai sedan,gas,std,two,hatchback,4wd,rear,106.3,166.9,68.9,53.6,2529,rotor,two,118,spdi,3.63,3.92,8.7,123,5500,19,24,15365
6,3,ford coupe,gas,std,four,hardtop,4wd,front,91.2,193.4,68.1,57.3,3672,ohc,six,225,idi,2.53,4.32,11.4,260,5000,26,29,20692
7,2,honda sedan,diesel,std,two,hatchback,4wd,rear,118.2,151.6,67.9,55.3,2367,rotor,eight,162,1bbl,3.1,3.68,8.9,278,6000,13,19,34588
8,-1,honda suv,gas,std,two,sedan,fwd,front,93.8,203.4,72.9,48.9,2474,dohc,eight,308,2bbl,3.31,3.81,11.4,195,5500,15,21,20925
9,1,audi sedan,gas,turbo,four,convertible,rwd,rear,115.4,143.8,69.8,55.8,1748,l,eight,233,mpfi,2.87,2.48,9.2,156,4500,37,47,23254
10,-2,hyundai coupe,gas,std,two,sedan,fwd,front,99.8,173.7,73.0,58.8,2174,l,two,259,1bbl,3.89,3.96,8.4,226,6500,26,32,41422
11,-1,audi suv,gas,std,two,wagon,fwd,front,105.9,175.2,72.8,49.9,3580,ohc,three,95,spdi,2.6,4.15,9.0,289,6000,33,43,21135
12,2,honda wagon,diesel,turbo,two,wagon,fwd,rear,99.5,187.0,64.5,51.8,1797,ohc,five,111,mpfi,3.31,3.26,7.7,137,4200,30,33,21009
13,-1,hyundai coupe,diesel,std,four,sedan,fwd,rear,89.9,147.5,68.3,51.3,3977,ohcf,eight,235,2bbl,3.53,4.13,9.5,112,4200,23,30,11048
14,0,toyota sedan,diesel,std,four,hatchback,4wd,rear,104.8,169.9,60.1,48.9,4330,ohcf,six,78,1bbl,3.37,2.37,7.6,126,5000,32,41,7614
15,-1,audi sedan,diesel,turbo,two,hatchback,fwd,front,116.0,141.7,71.0,52.0,3186,ohcf,four,141,mpfi,3.07,2.1,9.4,99,5500,40,48,27915
16,-1,toyota hatchback,diesel,turbo,four,sedan,rwd,rear,107.8,168.0,74.7,54.4,1613,ohc,four,151,spdi,3.94,2.66,7.5,159,5000,21,27,25557
17,1,volkswagen hatchback,diesel,std,four,sedan,4wd,front,98.4,144.9,70.0,52.0,2785,ohc,eight,213,spdi,2.96,3.02,9.0,123,6000,25,29,13341
18,3,nissan hatchback,diesel,turbo,two,wagon,rwd,front,100.6,180.6,69.8,53.6,3311,ohcf,six,302,2bbl,3.49,2.71,10.3,206,5000,18,27,11120
19,3,ford hatchback,gas,std,two,sedan,fwd,rear,106.8,193.8,66.8,58.6,3857,ohcf,eight,256,idi,3.1,2.37,10.4,276,4200,38,44,32862
20,3,kia wagon,gas,std,two,convertible,fwd,rear,108.7,209.2,68.9,59.4,3312,rotor,eight,318,idi,3.75,3.37,11.5,238,5500,19,24,34495
21,3,ford coupe,diesel,std,four,convertible,fwd,rear,94.0,163.5,73.4,49.0,2117,ohcf,five,138,2bbl,2.6,3.02,9.7,154,4200,20,26,18555
22,1,volkswagen sedan,diesel,turbo,two,wagon,rwd,rear,115.0,206.7,66.3,57.0,3736,rotor,three,309,2bbl,2.91,3.21,8.9,219,6500,38,47,31497
23,1,bmw coupe,gas,turbo,two,sedan,4wd,rear,90.6,172.3,60.8,52.5,2366,l,four,232,idi,2.92,4.38,9.1,261,4200,35,40,35822
24,0,audi sedan,gas,std,two,hatchback,fwd,front,94.1,173.1,61.7,59.4,3404,dohc,four,145,spdi,3.41,3.87,7.6,257,4500,12,15,25384
25,0,volkswagen wagon,diesel,std,two,hardtop,4wd,front,89.5,194.1,72.8,55.2,1995,rotor,two,237,spdi,3.14,2.93,9.5,135,4200,15,18,32528
26,-2,nissan suv,diesel,std,four,hatchback,4wd,rear,106.9,204.4,71.6,53.6,4494,rotor,four,225,2bbl,3.75,2.22,11.4,110,5500,38,48,42345
27,0,toyota wagon,diesel,std,four,hatchback,rwd,rear,97.6,201.6,70.5,51.3,1541,rotor,three,103,2bbl,3.58,3.22,10.8,224,5500,31,40,47329
28,1,toyota sedan,diesel,std,four,hatchback,rwd,rear,102.1,177.2,66.4,57.0,2854,dohc,eight,292,1bbl,2.96,2.58,10.6,128,4200,34,44,40118
29,-1,audi wagon,diesel,turbo,two,hatchback,rwd,front,98.3,161.2,70.6,49.5,1686,ohc,six,209,2bbl,3.46,3.88,7.5,51,6000,36,41,23634
30,1,chevrolet hatchback,gas,turbo,four,sedan,fwd,rear,102.7,180.4,70.3,49.8,3805,dohc,two,187,mpfi,3.34,3.04,10.0,206,4500,27,37,39247
31,1,ford coupe,diesel,turbo,two,hardtop,4wd,front,118.2,154.5,63.2,55.9,2143,ohcf,three,98,2bbl,2.5,3.13,10.0,122,4200,24,34,20170
32,3,hyundai sedan,gas,turbo,two,convertible,fwd,front,108.0,203.6,72.4,48.9,2179,dohc,six,207,idi,2.69,3.72,10.5,289,5000,21,28,37798
33,1,honda coupe,gas,turbo,four,hardtop,rwd,front,89.1,207.3,72.5,54.9,1584,dohc,six,80,2bbl,3.21,3.63,11.6,94,6000,29,39,33566
34,-2,hyundai suv,diesel,turbo,four,sedan,fwd,rear,100.0,174.7,69.9,52.8,3753,ohc,five,105,1bbl,2.88,2.29,10.9,269,6000,32,42,5075
35,1,toyota hatchback,diesel,turbo,four,sedan,fwd,rear,104.7,204.9,66.6,56.4,1997,ohc,eight,182,2bbl,2.97,2.03,9.0,105,4200,33,43,35241
36,1,ford coupe,diesel,turbo,four,convertible,fwd,rear,104.7,166.9,73.8,54.1,2059,ohc,four,272,1bbl,3.9,3.27,11.1,120,6500,15,20,24566
37,-1,hyundai coupe,diesel,turbo,four,hardtop,4wd,rear,101.5,162.5,62.8,56.4,3842,l,three,270,mpfi,2.98,3.18,11.6,145,5500,38,48,48495
38,1,toyota hatchback,diesel,std,four,sedan,4wd,rear,86.5,150.1,73.1,59.6,1806,l,four,233,spdi,3.54,3.62,11.3,266,6500,37,42,39971
39,3,hyundai coupe,gas,std,two,wagon,fwd,front,100.8,146.9,69.5,58.5,3317,ohcf,eight,213,mpfi,2.57,3.99,8.5,143,5500,24,32,14540
40,2,bmw hatchback,gas,std,four,hardtop,4wd,front,102.9,180.8,63.5,55.7,3382,dohc,eight,64,idi,3.85,3.69,7.8,161,5000,19,28,43507
41,3,ford wagon,diesel,std,four,convertible,fwd,front,99.0,165.1,64.4,56.4,1589,l,four,64,spdi,3.8,3.95,11.9,281,6000,21,30,37553
42,-1,volkswagen suv,gas,std,four,hatchback,4wd,front,116.7,185.2,64.6,53.3,3873,dohc,eight,127,mpfi,3.86,2.82,9.1,99,4500,38,45,40350
43,2,kia suv,gas,turbo,four,wagon,4wd,rear,113.3,172.8,61.1,57.0,2424,l,six,247,mpfi,3.69,2.03,9.7,164,5000,40,48,49094
44,2,nissan suv,gas,std,four,sedan,4wd,rear,117.1,155.5,60.9,57.9,4371,dohc,eight,269,mpfi,2.71,4.37,8.5,174,4200,35,42,11369
45,1,hyundai suv,diesel,std,four,sedan,rwd,rear,117.9,159.6,70.4,50.6,3321,ohcf,four,110,1bbl,3.32,4.44,8.8,149,5000,19,24,17439
46,-2,audi coupe,gas,std,four,hatchback,fwd,front,88.3,193.6,63.1,50.6,2454,dohc,three,61,1bbl,3.79,2.36,7.6,112,4500,15,25,12204
47,-1,toyota suv,gas,turbo,two,hatchback,rwd,front,90.3,169.5,61.7,48.8,3336,dohc,six,115,idi,3.26,4.36,7.2,248,6500,33,36,39173
48,3,toyota sedan,diesel,turbo,four,sedan,rwd,rear,88.5,145.7,69.1,48.8,2626,rotor,eight,226,idi,3.99,3.33,9.3,202,5500,21,31,11499
49,3,kia hatchback,diesel,turbo,two,convertible,rwd,rear,99.6,191.1,64.7,51.8,2544,dohc,three,302,mpfi,2.64,2.21,9.2,238,6500,37,41,29421
50,2,toyota coupe,diesel,std,four,wagon,4wd,rear,115.5,190.5,74.5,55.2,2940,ohc,six,319,2bbl,2.73,3.21,11.2,137,6000,37,42,29088
51,2,audi wagon,gas,turbo,two,hatchback,rwd,rear,117.3,164.6,62.7,49.7,4192,l,two,132,mpfi,2.64,3.33,8.9,164,5000,15,22,15315
52,3,chevrolet coupe,gas,std,two,hatchback,4wd,front,108.9,159.0,69.9,53.8,3310,l,four,170,spdi,2.67,3.07,8.4,221,6000,23,30,36891
53,-2,audi wagon,gas,std,two,wagon,fwd,front,112.0,160.3,61.8,54.0,3263,ohcf,three,254,spdi,3.56,3.25,11.2,254,5000,28,35,9723
54,1,toyota wagon,gas,turbo,four,hardtop,rwd,rear,95.8,168.4,74.5,50.1,4031,l,eight,245,mpfi,3.16,2.26,9.2,150,6000,24,27,10154
55,3,chevrolet hatchback,diesel,std,two,hardtop,4wd,front,104.0,153.6,71.6,52.2,4143,ohcf,three,112,2bbl,2.88,2.43,7.8,242,6500,24,31,9938
56,1,volkswagen coupe,diesel,turbo,four,hatchback,rwd,front,101.9,184.2,71.9,55.1,2941,rotor,two,218,idi,3.18,2.14,11.2,67,6500,17,27,10917
57,1,volkswagen coupe,gas,turbo,two,wagon,4wd,rear,103.0,207.0,66.8,57.7,2906,ohc,six,148,mpfi,2.87,3.09,9.2,181,6000,31,40,15403
58,0,nissan wagon,diesel,std,four,sedan,rwd,front,105.0,167.1,63.8,58.2,3968,ohcf,four,101,spdi,3.5,4.29,8.6,215,6500,23,31,48393
59,2,honda suv,diesel,turbo,two,hardtop,fwd,rear,103.3,141.3,64.6,59.4,2899,l,three,175,2bbl,2.73,2.74,10.9,177,6000,24,29,39506
60,2,bmw coupe,diesel,std,two,hatchback,4wd,front,110.5,143.1,65.5,56.6,3319,rotor,four,289,2bbl,3.3,2.77,11.0,168,4500,13,21,29106
61,1,ford wagon,diesel,std,two,hardtop,fwd,rear,87.8,173.6,65.6,59.2,4413,rotor,two,205,mpfi,3.64,2.68,11.5,85,5500,33,43,11010
62,0,toyota wagon,gas,turbo,four,hatchback,rwd,front,98.7,142.0,74.0,58.1,4162,dohc,three,130,mpfi,2.93,4.07,10.5,83,6500,19,29,35743
63,-2,toyota suv,gas,std,four,sedan,rwd,front,96.2,143.3,66.3,57.5,3372,ohc,two,315,spdi,3.3,3.58,9.9,231,4500,26,29,24088
64,2,chevrolet hatchback,diesel,std,two,hardtop,rwd,front,118.4,178.1,71.8,54.1,1583,l,five,82,idi,3.97,2.63,7.1,249,4200,25,28,27596
65,2,chevrolet hatchback,gas,turbo,four,hatchback,4wd,rear,119.3,173.5,62.7,49.6,4432,l,two,210,2bbl,2.57,2.5,7.2,286,5000,19,23,38776
66,0,toyota hatchback,diesel,turbo,two,wagon,rwd,front,113.2,170.6,66.0,53.3,3083,dohc,three,314,idi,3.05,3.99,8.3,69,6500,24,34,32820
67,2,bmw coupe,diesel,turbo,two,sedan,rwd,rear,96.4,182.2,66.4,56.3,2939,l,two,240,spdi,4.0,2.69,11.9,290,4200,14,23,9917
68,0,kia hatchback,gas,std,four,sedan,fwd,front,94.0,185.2,65.4,59.4,1632,rotor,three,290,1bbl,3.06,3.91,9.9,183,5000,33,42,31085
69,-1,honda sedan,gas,turbo,four,hardtop,fwd,rear,112.3,189.3,63.2,55.3,4342,l,three,122,2bbl,3.78,3.13,11.5,161,4200,22,29,49690
70,3,chevrolet sedan,diesel,turbo,two,hatchback,rwd,front,90.1,154.1,62.1,57.5,1607,dohc,six,248,idi,3.71,3.38,10.1,70,4200,39,47,25269
71,2,nissan wagon,gas,std,four,sedan,rwd,rear,109.1,164.1,73.2,57.4,4120,rotor,three,126,idi,3.25,4.17,11.2,180,4500,24,34,24931
72,0,audi suv,diesel,std,four,hatchback,4wd,rear,90.3,161.2,68.0,54.0,2190,rotor,six,138,2bbl,3.49,3.8,10.0,263,6000,17,22,7699
73,-2,toyota coupe,diesel,std,four,hardtop,4wd,front,102.9,183.9,64.3,59.5,3478,ohcf,eight,267,1bbl,3.18,3.72,7.8,154,5500,38,41,35437
74,2,bmw suv,diesel,turbo,four,hatchback,rwd,front,96.8,172.7,64.0,51.0,1896,ohc,four,256,spdi,3.13,4.41,11.5,256,5000,18,26,42859
75,-1,bmw wagon,diesel,turbo,four,convertible,fwd,front,118.1,175.4,74.5,50.6,2945,ohc,two,204,idi,3.4,4.11,10.4,121,6000,35,43,5535
76,1,bmw suv,diesel,turbo,four,sedan,rwd,front,105.4,153.6,68.3,48.9,3565,l,six,203,spdi,3.52,2.3,11.9,148,5000,39,43,27222
77,-1,audi coupe,diesel,std,two,sedan,fwd,rear,113.3,176.4,62.2,58.7,2072,dohc,six,223,2bbl,3.09,3.54,11.2,199,5000,29,37,38247
78,3,volkswagen suv,diesel,std,four,wagon,4wd,front,119.3,180.9,72.0,56.7,4318,ohc,six,302,1bbl,3.95,3.96,10.9,195,4500,38,48,8365
79,-1,kia coupe,diesel,std,two,sedan,4wd,front,92.5,170.9,66.3,53.0,2335,l,six,301,mpfi,3.56,3.3,9.8,217,5500,30,40,39437
80,-1,hyundai coupe,diesel,turbo,four,hardtop,rwd,front,118.5,159.5,64.5,59.3,2719,dohc,eight,166,idi,2.98,2.87,11.7,251,6500,24,32,22921
81,2,kia wagon,diesel,turbo,two,wagon,fwd,rear,118.5,145.5,73.9,55.9,3462,ohcf,three,198,spdi,3.54,2.34,10.1,198,4500,21,25,20889
82,3,audi sedan,gas,turbo,four,convertible,fwd,front,86.2,178.5,73.9,52.9,3448,l,eight,162,1bbl,2.98,3.61,11.5,70,6500,13,19,42626
83,-1,nissan hatchback,gas,turbo,four,hatchback,4wd,rear,115.8,140.6,68.5,49.3,2872,dohc,five,312,2bbl,3.78,3.17,8.0,76,5000,19,22,15649
84,3,ford hatchback,gas,turbo,four,hardtop,4wd,front,92.0,199.9,73.5,57.9,3610,dohc,two,265,mpfi,2.78,2.35,8.6,111,4200,35,45,22090
85,1,ford suv,diesel,std,four,wagon,4wd,front,88.1,148.3,64.6,52.9,3558,dohc,eight,120,1bbl,3.05,2.55,11.8,170,4500,24,30,34817
86,1,kia wagon,gas,std,two,hardtop,rwd,rear,88.7,179.5,60.9,54.6,3570,ohcf,six,136,2bbl,2.99,3.3,7.6,100,6500,35,43,43217
87,2,hyundai sedan,diesel,std,four,convertible,4wd,front,105.0,187.1,64.6,48.3,2542,ohc,eight,171,spdi,2.61,3.06,10.5,186,4200,27,31,9523
88,0,nissan hatchback,gas,turbo,four,convertible,rwd,rear,98.8,187.8,69.9,54.5,4176,dohc,two,151,spdi,3.09,2.32,11.9,261,4200,27,30,6489
89,3,kia wagon,diesel,std,two,convertible,rwd,front,95.4,205.6,70.9,49.4,4204,l,six,68,2bbl,2.81,2.25,7.2,201,6500,21,31,8190
90,1,hyundai hatchback,gas,std,two,hardtop,rwd,front,113.7,191.2,64.8,55.2,4254,dohc,three,214,2bbl,3.98,3.3,9.1,118,4200,19,22,41485
91,3,nissan coupe,diesel,std,four,convertible,4wd,rear,109.7,168.6,64.5,50.2,3703,l,three,175,1bbl,3.79,2.36,9.3,62,6000,30,35,32045
92,1,audi suv,gas,turbo,two,convertible,rwd,front,104.2,198.1,60.8,52.5,3977,rotor,two,97,2bbl,3.71,3.47,10.4,103,5500,25,30,18689
93,0,toyota hatchback,gas,std,four,hatchback,4wd,front,99.5,156.8,64.8,51.4,3409,rotor,eight,243,1bbl,2.89,3.28,9.5,73,6500,39,47,35768
94,-1,chevrolet suv,diesel,std,two,hatchback,fwd,rear,104.8,180.9,70.8,51.5,2303,dohc,three,254,spdi,3.75,3.25,10.3,223,5000,36,44,21864
95,3,hyundai wagon,gas,turbo,two,hatchback,4wd,rear,92.3,202.3,74.9,59.5,3646,ohc,two,84,mpfi,3.12,4.11,8.2,229,4500,36,46,5599
96,0,toyota coupe,diesel,turbo,two,sedan,4wd,rear,86.4,177.1,64.1,59.7,1570,rotor,eight,280,2bbl,2.66,2.24,7.7,97,6000,18,28,39501
97,0,nissan sedan,diesel,turbo,four,hardtop,fwd,front,96.2,198.0,61.2,59.9,4161,ohc,two,267,idi,3.07,3.19,10.2,227,4500,20,28,10418
98,3,chevrolet coupe,gas,std,two,hatchback,4wd,rear,95.2,204.7,70.3,51.4,3724,rotor,eight,76,2bbl,3.89,2.79,11.8,198,4500,27,36,31102
99,-1,volkswagen hatchback,diesel,turbo,four,hatchback,4wd,front,103.0,208.2,60.8,53.2,1811,dohc,six,263,1bbl,2.54,2.68,12.0,173,4500,14,21,28318
100,1,bmw coupe,diesel,std,four,hatchback,4wd,front,88.8,150.8,70.7,55.6,3095,dohc,four,114,mpfi,2.51,2.77,8.8,117,4200,29,38,13683
101,1,hyundai coupe,diesel,std,two,sedan,rwd,front,106.3,194.9,73.0,48.1,3194,l,two,184,spdi,3.28,3.71,7.8,116,5000,14,19,22590
102,-2,bmw wagon,diesel,turbo,four,convertible,fwd,rear,94.6,157.3,69.4,55.1,2300,l,two,129,1bbl,2.51,2.99,11.2,145,5000,27,32,33850
103,3,volkswagen hatchback,diesel,turbo,two,convertible,rwd,front,118.8,207.8,64.4,56.3,3511,rotor,three,226,idi,2.92,3.96,8.8,286,6000,22,31,18094
104,3,kia sedan,diesel,std,four,wagon,4wd,front,113.8,195.7,66.1,54.0,4094,dohc,three,189,2bbl,3.57,3.97,7.4,201,5500,30,35,43157
105,2,toyota suv,gas,std,two,wagon,fwd,front,105.1,185.2,69.7,59.6,2858,l,two,65,mpfi,2.89,3.28,9.6,196,6500,24,33,42698
106,0,nissan wagon,gas,turbo,two,convertible,fwd,rear,100.1,207.3,61.7,59.3,2080,dohc,four,235,idi,3.68,3.3,8.7,72,5500,19,29,34651
107,0,toyota sedan,gas,turbo,two,hatchback,4wd,front,103.5,178.6,65.0,53.1,3392,ohcf,five,154,2bbl,3.46,3.08,7.1,205,4500,22,26,34463
108,1,toyota hatchback,gas,turbo,two,hardtop,fwd,front,98.4,153.8,61.7,56.0,3504,rotor,eight,220,spdi,3.08,2.98,7.6,138,5500,30,39,45459
109,2,volkswagen sedan,gas,turbo,two,hatchback,rwd,front,92.2,188.5,67.7,53.0,2064,rotor,five,276,2bbl,3.23,3.34,11.6,286,4500,17,24,41366
110,0,bmw hatchback,diesel,turbo,two,wagon,fwd,rear,90.6,197.1,74.5,54.1,3527,l,eight,311,idi,3.57,3.11,7.8,192,4200,17,27,19452
111,0,audi coupe,diesel,std,four,hardtop,4wd,rear,104.7,147.9,61.7,57.3,3002,rotor,two,285,spdi,2.83,3.06,10.7,215,4500,21,24,24510
112,1,ford suv,gas,turbo,two,hatchback,fwd,rear,115.3,182.7,66.4,55.4,2346,ohcf,two,239,spdi,2.92,3.35,8.6,228,5000,39,42,23961
113,2,honda hatchback,diesel,std,four,hatchback,4wd,front,94.5,189.8,72.4,57.1,4269,l,five,132,spdi,3.45,3.57,8.9,67,6500,30,37,11101
114,3,chevrolet wagon,diesel,turbo,two,sedan,4wd,rear,107.6,188.8,72.8,57.5,3129,ohcf,five,168,idi,2.9,4.07,8.7,195,4500,24,31,42102
115,0,toyota sedan,gas,turbo,two,sedan,fwd,rear,101.5,209.4,66.4,59.9,2040,dohc,three,200,mpfi,3.48,2.63,8.9,279,6500,39,49,15847
116,3,ford hatchback,diesel,std,two,sedan,fwd,rear,88.6,181.6,67.8,53.3,1533,dohc,two,276,2bbl,3.22,2.57,7.4,254,4200,13,22,11763
117,0,bmw wagon,gas,std,two,hardtop,4wd,front,106.8,151.5,65.3,50.6,2120,l,six,286,2bbl,2.63,2.25,10.8,198,6500,22,30,30167
118,0,bmw hatchback,diesel,std,two,hardtop,4wd,rear,112.5,188.3,72.7,55.9,2735,ohcf,six,320,2bbl,3.62,2.74,7.3,277,4500,23,32,37432
119,-1,hyundai coupe,gas,std,four,wagon,fwd,rear,115.3,179.8,65.5,56.2,3429,ohc,two,94,mpfi,2.89,2.1,7.3,250,5500,24,28,38201
120,1,nissan sedan,gas,turbo,two,wagon,fwd,front,119.1,150.9,64.9,55.0,4161,ohc,four,283,2bbl,2.59,2.22,9.2,164,6000,21,30,44900
121,3,bmw sedan,gas,std,two,hatchback,rwd,rear,103.8,194.8,70.8,50.0,2019,dohc,eight,120,mpfi,3.0,3.07,9.6,115,6500,13,20,42791
122,1,hyundai coupe,diesel,std,four,hardtop,fwd,rear,91.3,194.1,73.4,56.1,1972,ohcf,eight,320,mpfi,2.57,4.16,8.2,168,5000,32,36,30098
123,-2,kia wagon,gas,turbo,two,convertible,4wd,rear,95.2,145.5,65.6,54.0,1715,ohcf,three,83,idi,2.6,3.16,8.4,264,5000,16,21,26449
124,-2,chevrolet hatchback,diesel,turbo,two,convertible,rwd,rear,119.9,194.3,71.0,54.6,2504,ohcf,two,269,mpfi,2.85,2.87,11.2,272,4200,14,24,26955
125,3,ford sedan,gas,std,four,convertible,fwd,front,110.2,146.5,73.8,58.8,3628,l,eight,250,idi,3.96,2.21,7.5,82,6500,12,21,30844
126,1,bmw hatchback,diesel,turbo,four,convertible,4wd,rear,96.8,159.0,61.1,50.4,3894,ohc,three,114,2bbl,3.17,2.79,7.6,139,4500,14,17,34616
127,0,honda sedan,gas,turbo,two,hatchback,rwd,front,89.1,157.4,65.3,54.2,4273,dohc,four,149,mpfi,3.93,4.14,9.8,188,4500,21,31,11207
128,-1,honda sedan,gas,std,two,hatchback,rwd,rear,109.3,205.6,61.3,55.0,1807,ohc,two,161,idi,3.71,2.23,11.2,255,5000,26,30,13029
129,-2,bmw coupe,diesel,turbo,four,sedan,rwd,rear,91.9,155.0,62.8,51.4,2108,ohc,six,185,1bbl,3.25,4.21,9.4,70,5000,13,23,30101
130,-1,kia hatchback,gas,turbo,four,convertible,4wd,rear,97.7,179.6,64.8,51.2,1606,dohc,six,172,mpfi,3.84,3.95,7.3,168,6000,16,25,28424
131,-1,honda hatchback,gas,turbo,two,hatchback,4wd,rear,98.1,198.7,72.7,50.1,3926,dohc,eight,243,spdi,2.54,3.75,11.7,192,4500,36,42,41903
132,2,ford hatchback,diesel,std,two,sedan,fwd,front,86.7,173.5,65.0,55.4,2034,dohc,eight,150,1bbl,2.59,2.37,10.5,84,4200,18,28,39491
133,-2,chevrolet wagon,gas,turbo,four,wagon,fwd,front,110.9,170.6,69.6,53.8,2799,ohcf,eight,242,2bbl,3.5,4.04,8.9,235,6500,39,47,24301
134,3,toyota coupe,diesel,std,two,hardtop,rwd,front,107.7,147.3,67.4,52.0,1818,ohcf,four,223,2bbl,3.45,4.41,11.1,219,6500,16,21,27003
135,0,audi hatchback,gas,turbo,four,sedan,4wd,front,87.6,170.7,66.3,50.0,3195,l,five,239,spdi,3.06,4.07,10.9,195,6500,26,29,19783
136,-2,toyota suv,gas,turbo,four,sedan,fwd,rear,91.8,166.3,71.0,54.6,1881,dohc,six,307,mpfi,3.15,3.63,10.0,159,4500,17,27,8509
137,-1,audi wagon,diesel,turbo,four,hatchback,fwd,front,99.4,178.5,67.4,48.7,1515,l,two,210,spdi,3.22,2.24,8.0,211,5000,15,23,10369
138,0,nissan wagon,diesel,turbo,two,hardtop,rwd,front,98.6,166.7,62.8,48.5,3301,l,four,175,1bbl,3.35,2.38,10.5,72,4200,27,31,48787
139,2,audi coupe,gas,turbo,four,hardtop,4wd,rear,105.5,156.5,64.5,52.7,4425,ohc,six,135,mpfi,3.92,3.12,11.7,90,4500,23,32,17630
140,1,honda wagon,gas,std,four,wagon,4wd,front,89.0,178.9,68.3,58.3,3628,l,two,274,mpfi,3.12,2.37,9.9,242,4200,16,19,11922
141,0,kia suv,diesel,turbo,four,convertible,4wd,rear,87.3,159.3,62.2,55.3,4341,l,two,262,1bbl,3.54,2.12,9.4,116,5000,30,34,6325
142,0,ford wagon,gas,std,two,wagon,4wd,rear,112.3,162.5,70.9,55.3,1865,ohcf,five,168,idi,3.61,3.9,11.3,258,4200,22,29,38768
143,-2,ford coupe,diesel,std,two,hatchback,fwd,front,114.5,157.5,66.8,59.0,4386,ohcf,four,248,idi,3.26,3.59,7.6,55,4500,37,42,29409
144,-1,hyundai coupe,diesel,turbo,two,wagon,4wd,front,95.7,167.1,62.4,54.9,2377,ohcf,eight,175,2bbl,2.9,3.02,7.1,247,6500,27,37,5583
145,3,bmw coupe,gas,std,four,hardtop,rwd,rear,100.4,166.4,65.2,51.0,3411,dohc,eight,263,spdi,2.65,3.28,10.3,263,5000,27,32,41795
146,0,honda wagon,gas,turbo,four,wagon,rwd,rear,108.3,206.7,69.8,50.3,3618,ohcf,two,266,1bbl,3.52,3.8,10.3,123,5000,32,39,32431
147,3,toyota coupe,gas,turbo,two,hardtop,4wd,rear,116.8,187.0,67.6,58.1,4193,rotor,three,210,mpfi,3.21,3.85,10.6,191,4500,24,33,49545
148,3,honda hatchback,diesel,std,four,convertible,rwd,rear,94.9,160.6,72.8,53.6,4098,rotor,six,96,idi,3.83,3.25,11.3,145,6000,40,48,24553
149,-1,bmw hatchback,diesel,turbo,four,hatchback,rwd,front,112.5,174.1,69.5,50.1,4098,ohc,two,291,1bbl,2.81,3.93,9.9,88,5500,25,28,10769
150,3,nissan wagon,diesel,turbo,four,sedan,fwd,front,110.8,206.5,73.4,57.1,3675,ohcf,two,62,2bbl,2.84,4.19,8.6,74,5500,16,25,37986
151,-1,honda sedan,diesel,turbo,four,hardtop,4wd,rear,100.7,188.1,62.0,60.0,3507,dohc,three,144,idi,2.53,2.56,11.9,102,6500,30,37,6436
152,-2,chevrolet sedan,diesel,turbo,two,hardtop,fwd,front,108.2,141.4,70.3,53.0,3057,ohc,six,189,idi,3.55,2.51,10.4,50,5000,30,35,32582
153,3,kia suv,gas,turbo,two,hardtop,4wd,front,95.6,194.9,67.5,55.3,2577,rotor,three,243,idi,2.94,2.1,9.5,101,6500,33,37,36500
154,-2,toyota sedan,gas,turbo,two,sedan,4wd,front,110.6,147.1,63.8,50.8,2712,dohc,five,85,mpfi,3.72,4.19,11.3,140,6500,22,28,25493
155,-2,toyota sedan,gas,std,four,wagon,rwd,rear,115.9,146.5,72.2,50.2,3141,l,five,199,idi,3.53,3.2,9.1,274,4500,25,29,12409
156,-1,honda wagon,diesel,turbo,two,hardtop,rwd,rear,106.8,200.4,73.2,56.7,2035,l,five,117,idi,3.16,2.16,10.3,51,6500,16,19,49428
157,3,chevrolet coupe,gas,turbo,two,convertible,rwd,rear,91.1,197.9,73.4,55.4,1547,ohcf,six,300,idi,3.8,2.19,9.5,109,5000,28,34,23229
158,2,nissan wagon,gas,std,four,convertible,4wd,rear,89.0,174.9,64.7,59.8,4176,ohc,two,266,idi,2.55,3.37,11.1,250,6000,13,19,45571
159,2,kia hatchback,diesel,turbo,four,sedan,fwd,rear,97.3,193.7,69.0,56.6,2988,l,two,109,2bbl,2.5,2.89,10.2,252,5000,32,39,40893
160,3,honda sedan,gas,turbo,two,convertible,fwd,rear,106.8,153.1,74.0,52.7,3372,ohcf,eight,233,mpfi,3.64,2.12,10.2,220,6000,28,36,13075
161,1,volkswagen coupe,gas,turbo,two,hardtop,4wd,front,104.8,170.3,68.8,59.1,2225,rotor,three,125,mpfi,3.08,3.5,11.4,177,5500,36,46,32437
162,0,nissan suv,diesel,turbo,two,hatchback,rwd,rear,114.7,178.3,64.7,56.8,3767,ohcf,three,167,spdi,3.57,3.72,11.6,81,6500,31,37,47604
163,3,honda suv,diesel,turbo,four,convertible,fwd,front,86.9,150.2,70.1,50.4,2159,dohc,eight,188,2bbl,3.76,3.73,8.5,240,6000,17,25,7117
164,-2,volkswagen coupe,gas,turbo,two,hardtop,4wd,rear,109.6,143.3,65.7,53.0,4306,dohc,six,87,mpfi,3.62,2.51,11.3,268,5500,23,33,19781
165,2,kia coupe,gas,std,four,convertible,fwd,front,92.4,152.2,67.7,52.5,3255,dohc,six,195,2bbl,2.74,4.12,7.0,167,6500,32,40,15145
166,0,volkswagen sedan,diesel,turbo,four,sedan,4wd,rear,103.9,207.0,67.8,57.4,2152,l,six,266,mpfi,3.02,4.21,10.3,132,5000,13,18,24239
167,2,toyota sedan,diesel,turbo,two,hardtop,4wd,front,118.6,187.8,64.8,59.0,1964,l,four,204,mpfi,3.87,4.06,8.9,253,6000,18,28,34200
168,0,audi suv,gas,std,two,hardtop,4wd,front,107.3,154.8,69.4,50.6,4307,l,two,165,spdi,3.74,4.2,10.7,159,6500,27,30,9726
169,-2,hyundai suv,gas,std,two,sedan,fwd,rear,105.0,180.2,63.4,51.1,3089,l,eight,267,idi,2.97,2.97,7.6,49,6500,35,40,45524
170,3,honda suv,gas,turbo,four,hardtop,fwd,rear,112.0,170.6,65.9,55.9,3441,ohcf,six,172,2bbl,3.62,3.99,11.2,123,6500,14,17,14442
171,-2,kia coupe,gas,std,two,sedan,4wd,rear,104.3,206.3,64.6,57.0,4473,dohc,three,271,spdi,2.71,2.46,10.1,112,4500,21,29,12511
172,2,hyundai coupe,gas,turbo,two,wagon,fwd,front,110.7,174.1,65.0,49.5,4184,ohcf,two,205,spdi,2.6,2.48,9.4,132,6000,17,20,48215
173,2,volkswagen suv,diesel,turbo,two,sedan,rwd,front,112.7,189.9,69.6,51.3,2972,ohcf,eight,229,idi,3.19,2.9,8.5,189,4200,21,26,16519
174,0,bmw coupe,gas,turbo,two,sedan,fwd,front,113.6,180.5,71.5,50.6,1650,rotor,four,301,2bbl,3.05,2.56,10.9,235,5000,32,36,13774
175,1,chevrolet coupe,gas,std,two,hardtop,fwd,rear,91.4,179.6,68.5,58.5,2098,l,four,80,2bbl,3.64,2.58,8.3,107,4200,26,30,48816
176,1,hyundai wagon,gas,std,four,sedan,4wd,rear,114.4,158.4,68.2,50.1,4177,l,four,99,spdi,2.88,4.43,8.1,151,5000,18,26,27612
177,2,toyota coupe,gas,turbo,two,hatchback,fwd,rear,93.2,153.1,65.4,56.6,1984,ohcf,five,229,mpfi,3.22,3.2,8.1,89,6500,27,37,31928
178,-2,bmw coupe,gas,std,two,hardtop,fwd,front,91.7,204.6,67.7,52.9,3808,ohc,eight,205,mpfi,2.82,3.52,9.4,171,4500,12,18,19376
179,2,bmw coupe,gas,turbo,two,wagon,rwd,front,93.8,167.0,61.6,50.4,3565,l,three,109,2bbl,3.21,3.54,7.2,248,6000,38,47,37986
180,-2,hyundai hatchback,gas,turbo,four,wagon,fwd,rear,93.8,196.2,71.8,52.6,3912,rotor,two,277,2bbl,2.88,3.91,11.6,69,5000,36,40,44209
181,0,audi sedan,gas,std,two,convertible,4wd,front,109.4,162.1,65.4,49.9,4168,rotor,four,193,spdi,3.14,2.91,8.4,222,5500,40,49,18349
182,-1,chevrolet coupe,diesel,turbo,four,hardtop,rwd,rear,111.0,199.8,69.9,57.0,3329,ohcf,two,169,spdi,3.1,2.85,9.8,226,6500,25,35,8411
183,3,toyota sedan,gas,turbo,four,sedan,fwd,rear,93.5,145.6,60.6,52.6,3141,rotor,eight,206,spdi,2.59,3.93,7.9,174,5500,17,26,5701
184,-1,toyota coupe,gas,std,two,wagon,fwd,front,119.2,146.1,64.1,52.8,4242,l,five,162,spdi,2.52,3.76,11.6,188,5000,18,25,41642
185,0,ford hatchback,gas,turbo,four,hardtop,fwd,rear,92.0,175.4,68.4,54.0,2892,ohc,six,191,spdi,3.72,3.44,10.5,295,5500,30,38,41907
186,0,hyundai wagon,gas,turbo,two,wagon,fwd,rear,107.5,209.6,70.2,50.8,2793,l,four,64,1bbl,2.87,2.23,10.4,258,5000,27,33,9982
187,1,chevrolet suv,gas,turbo,two,hatchback,rwd,front,94.0,156.9,64.0,50.8,2522,rotor,four,139,mpfi,2.68,2.2,11.8,174,6000,29,34,5434
188,1,chevrolet coupe,diesel,turbo,four,convertible,fwd,rear,99.5,192.5,61.9,54.3,3233,l,six,76,spdi,3.02,4.15,10.9,165,4200,36,39,38961
189,3,toyota sedan,gas,turbo,two,wagon,rwd,rear,92.4,158.4,64.0,59.5,2905,dohc,three,315,idi,2.82,3.75,8.9,266,5500,26,34,23325
190,2,bmw coupe,gas,std,four,hatchback,4wd,rear,115.1,153.7,72.0,56.9,3437,ohc,three,275,idi,2.7,4.23,10.2,184,6500,26,31,25691
191,0,ford coupe,gas,turbo,two,hatchback,fwd,front,113.7,173.4,69.4,53.4,2870,dohc,four,244,spdi,3.34,4.03,8.7,153,4200,37,47,28009
192,2,volkswagen coupe,gas,turbo,four,wagon,4wd,rear,112.3,171.3,61.2,55.4,3399,ohcf,three,232,idi,3.45,3.43,11.2,66,4200,39,45,15616
193,0,chevrolet suv,diesel,turbo,four,convertible,rwd,rear,100.1,152.9,60.3,56.7,4211,dohc,eight,100,2bbl,2.75,2.26,7.3,272,5500,22,28,40942
194,1,kia sedan,gas,turbo,two,sedan,4wd,rear,96.5,157.3,64.3,55.5,2037,rotor,three,74,mpfi,3.5,4.15,8.6,169,5500,13,16,40427
195,-1,kia hatchback,diesel,turbo,four,wagon,rwd,front,113.4,170.9,65.5,51.1,2743,ohc,two,129,1bbl,2.93,3.34,10.4,173,5500,20,30,24635
196,0,volkswagen hatchback,gas,turbo,two,convertible,4wd,rear,99.4,151.4,71.1,52.7,3049,ohcf,four,100,idi,3.44,3.29,11.0,204,6500,12,21,49868
197,3,kia suv,diesel,std,two,hatchback,fwd,rear,89.8,171.9,66.8,56.4,3515,ohcf,four,69,2bbl,2.57,3.34,7.9,74,5000,20,27,22641
198,3,toyota hatchback,gas,std,two,convertible,fwd,rear,100.3,195.0,67.5,52.5,4354,ohc,four,101,2bbl,2.58,3.94,7.4,168,4500,16,26,17595
199,1,toyota sedan,gas,turbo,four,hatchback,4wd,front,92.8,191.5,61.4,56.0,2353,l,five,219,1bbl,2.74,3.82,10.7,188,6000,40,47,13004
200,3,ford hatchback,diesel,std,two,sedan,fwd,rear,97.0,151.7,64.1,49.4,2495,ohc,two,303,spdi,2.73,3.93,8.2,175,4200,20,30,49954
201,3,toyota sedan,diesel,std,two,hatchback,rwd,front,96.8,179.1,69.7,52.2,3296,ohcf,two,253,1bbl,3.59,2.63,7.2,228,5500,31,39,41636
202,-1,volkswagen hatchback,diesel,turbo,four,wagon,4wd,front,88.3,150.9,64.4,51.2,3003,l,two,319,idi,3.6,4.21,10.1,141,6000,21,31,20649
203,3,kia wagon,gas,turbo,two,hardtop,rwd,rear,99.9,162.5,61.4,55.9,1679,ohcf,three,76,2bbl,2.66,2.48,7.2,212,5500,22,26,48117
204,-2,chevrolet hatchback,gas,std,two,convertible,fwd,rear,113.2,144.2,68.4,59.3,3203,dohc,eight,89,spdi,2.9,2.1,7.4,125,4200,27,34,19149
205,-2,audi coupe,diesel,std,two,hardtop,4wd,front,105.4,206.3,68.4,54.7,1932,rotor,four,294,idi,3.82,2.42,7.9,150,6000,28,32,27119
206,2,volkswagen wagon,diesel,turbo,four,wagon,rwd,rear,114.1,162.6,63.6,54.5,3036,rotor,eight,190,1bbl,3.94,3.12,9.0,233,4200,33,38,23643
207,2,bmw suv,gas,turbo,two,hatchback,rwd,front,112.2,206.0,72.3,59.0,3594,rotor,six,139,mpfi,2.56,2.89,7.7,141,6000,31,34,21374
208,0,honda coupe,diesel,std,two,wagon,rwd,front,102.6,202.9,70.5,57.8,1890,rotor,eight,213,mpfi,3.6,3.44,7.4,62,5000,19,26,27801
209,1,honda hatchback,gas,turbo,two,wagon,4wd,front,96.9,179.5,64.9,56.4,2127,ohc,eight,261,idi,3.63,3.44,7.5,158,5000,40,49,30842
210,0,honda wagon,gas,turbo,four,sedan,rwd,rear,112.3,149.1,62.0,54.7,3498,l,eight,160,spdi,3.42,3.84,8.2,66,5000,16,21,33184
211,-2,nissan wagon,diesel,turbo,two,wagon,rwd,front,112.2,151.8,65.2,57.9,3311,rotor,three,285,mpfi,3.89,2.58,10.4,87,6500,22,26,10623
212,-1,volkswagen hatchback,diesel,std,four,sedan,rwd,rear,102.0,163.2,71.1,50.5,3738,rotor,four,307,spdi,3.59,2.35,10.5,52,5500,15,18,43207
213,0,bmw sedan,diesel,std,four,sedan,rwd,front,88.3,186.2,69.9,59.0,2975,ohc,two,209,idi,2.85,2.95,11.9,73,5000,40,43,36762
214,-1,audi coupe,diesel,std,two,hatchback,4wd,rear,97.3,167.5,62.4,52.2,2941,dohc,eight,214,2bbl,3.99,4.45,8.4,63,6500,39,43,21887
215,-2,kia suv,gas,std,four,convertible,4wd,front,89.0,166.8,74.4,55.3,4062,ohcf,five,183,spdi,2.73,4.43,11.5,132,5500,40,49,40535
216,3,bmw coupe,gas,std,four,hardtop,fwd,rear,119.9,208.3,62.2,59.2,2147,dohc,two,120,2bbl,2.98,4.2,10.6,243,5000,16,22,32134
217,1,ford hatchback,gas,std,two,hatchback,fwd,rear,106.6,182.9,68.9,50.8,1606,dohc,two,304,2bbl,3.25,3.51,10.6,143,4500,25,32,30392
218,-1,bmw hatchback,gas,std,four,sedan,rwd,rear,93.6,187.0,63.0,50.5,2225,l,six,310,1bbl,3.8,4.22,9.1,246,4200,27,37,44841
219,3,chevrolet wagon,gas,std,four,convertible,fwd,front,103.6,167.7,71.0,54.7,3614,ohc,three,209,idi,3.1,2.76,11.1,166,4500,35,44,32686
220,3,kia hatchback,diesel,turbo,two,hardtop,fwd,front,112.5,205.6,70.4,49.6,3193,dohc,five,72,2bbl,3.18,4.24,11.5,273,5500,21,24,10910
221,3,bmw sedan,gas,std,four,wagon,fwd,rear,110.7,208.3,69.2,49.9,3754,l,two,147,1bbl,3.35,3.65,7.8,270,4500,20,28,16722
222,1,ford suv,diesel,turbo,two,sedan,fwd,front,86.1,193.6,60.2,54.0,3542,rotor,two,312,2bbl,2.83,3.65,9.3,161,4200,36,39,44401
223,-1,kia suv,gas,std,two,hatchback,fwd,rear,87.2,199.8,70.0,58.1,2722,dohc,two,85,mpfi,3.13,2.45,10.4,204,6500,31,34,43991
224,1,volkswagen suv,gas,std,four,wagon,rwd,rear,113.9,193.1,72.6,48.8,3428,ohcf,two,200,1bbl,3.29,3.31,10.5,204,4200,30,35,12163
225,1,volkswagen suv,diesel,turbo,four,hardtop,4wd,rear,117.5,183.0,67.4,56.8,3538,l,three,179,1bbl,3.97,2.0,7.1,208,4200,30,34,18587
226,1,toyota suv,diesel,std,two,hatchback,4wd,rear,94.7,144.7,64.5,54.6,1525,ohc,eight,230,1bbl,3.09,3.42,11.8,261,4500,37,46,17715
227,3,hyundai wagon,gas,std,four,hatchback,4wd,rear,116.3,177.6,65.0,57.4,3195,ohc,six,213,spdi,3.59,2.79,9.7,101,6000,22,30,49924
228,-2,bmw suv,gas,turbo,four,hardtop,fwd,rear,92.4,148.2,71.7,51.7,2788,ohc,four,271,mpfi,3.25,2.59,9.3,291,5000,22,30,19164
229,-1,honda suv,gas,std,two,convertible,4wd,front,113.2,203.3,62.3,52.1,3480,rotor,four,227,2bbl,3.65,2.25,11.9,180,6500,28,35,13697
230,1,nissan coupe,gas,std,four,sedan,4wd,front,97.3,202.2,61.5,57.2,2779,ohc,six,219,2bbl,2.98,2.48,8.4,129,5500,18,21,48982
231,-1,bmw suv,gas,std,two,hatchback,4wd,rear,104.7,159.0,74.1,57.6,3851,ohcf,three,96,1bbl,3.42,2.85,9.2,81,4200,15,22,35850
232,-2,nissan sedan,gas,turbo,four,hatchback,4wd,rear,107.0,161.9,72.3,56.6,4247,rotor,two,298,spdi,2.7,4.03,11.6,167,4200,40,43,34857
233,1,audi hatchback,gas,turbo,four,convertible,fwd,rear,112.8,201.8,66.8,48.4,3446,ohc,four,305,idi,3.77,2.71,8.7,195,4500,21,31,38288
234,3,honda suv,gas,turbo,four,convertible,4wd,rear,94.1,157.1,62.4,53.8,1770,dohc,three,280,idi,3.35,2.86,10.5,92,6500,15,24,48883
235,-2,volkswagen coupe,diesel,turbo,two,convertible,fwd,rear,118.5,144.9,61.6,57.8,3052,dohc,five,91,mpfi,2.83,2.35,9.9,241,6500,14,24,5012
236,3,bmw wagon,diesel,turbo,four,hatchback,fwd,rear,96.2,195.6,70.2,59.0,3280,dohc,two,64,spdi,3.98,3.01,7.6,123,4200,36,41,29197
237,-2,kia suv,gas,turbo,two,hatchback,rwd,rear,107.3,189.8,66.1,53.2,2365,ohcf,five,131,2bbl,3.33,4.11,8.8,154,4500,40,43,23905
238,-1,toyota sedan,gas,std,four,convertible,fwd,front,90.7,196.4,72.9,58.7,4348,rotor,five,152,idi,3.26,3.38,9.3,138,4500,39,44,17176
239,2,hyundai hatchback,diesel,turbo,four,sedan,fwd,rear,110.0,147.9,67.2,56.3,2081,rotor,four,298,spdi,2.62,4.22,7.4,168,6500,25,28,48498
240,3,kia coupe,diesel,std,four,hardtop,fwd,rear,101.4,203.4,68.6,52.0,2945,dohc,four,145,mpfi,3.54,3.49,8.5,248,6000,33,37,22068
241,2,bmw coupe,gas,turbo,two,wagon,rwd,front,90.3,145.4,71.8,51.0,4022,dohc,four,191,mpfi,3.61,3.51,11.6,237,4500,13,23,48198
242,-1,ford hatchback,diesel,std,two,wagon,fwd,front,106.2,197.5,72.6,57.0,3191,l,three,285,2bbl,2.82,3.84,8.7,212,5000,26,34,12601
243,1,nissan wagon,diesel,turbo,two,convertible,4wd,rear,102.1,150.2,73.1,48.1,3338,l,eight,221,spdi,3.52,2.1,11.6,211,5000,13,18,33297
244,0,ford suv,gas,turbo,four,convertible,4wd,front,111.0,181.2,62.9,52.0,4327,ohcf,four,65,mpfi,3.75,2.03,7.5,74,6500,31,38,34225
245,3,ford suv,gas,std,two,hardtop,fwd,front,117.9,186.0,72.5,59.4,4113,ohc,eight,121,mpfi,3.78,2.32,10.3,278,6500,23,29,42097
246,-2,bmw suv,diesel,turbo,two,convertible,rwd,rear,109.5,186.7,71.6,51.1,1803,dohc,two,255,idi,3.0,2.15,11.8,115,4500,37,42,33873
247,-1,volkswagen wagon,gas,turbo,two,hatchback,4wd,rear,93.4,185.0,73.7,56.6,1923,ohc,two,96,spdi,3.59,3.94,7.1,175,4500,14,24,47786
248,-2,nissan suv,gas,turbo,four,hardtop,fwd,rear,102.3,168.3,70.9,57.7,1787,rotor,three,61,idi,3.93,4.04,9.4,193,6000,32,35,28522
249,1,toyota sedan,diesel,turbo,two,convertible,rwd,front,92.0,142.8,65.8,50.3,4350,l,two,243,idi,2.63,3.58,10.7,83,4200,22,29,17654
250,1,nissan sedan,diesel,turbo,four,sedan,fwd,rear,87.9,195.1,60.6,49.4,4178,rotor,five,136,spdi,2.85,2.18,10.7,173,6500,12,18,6249
251,-1,bmw sedan,gas,std,four,sedan,rwd,front,114.4,144.5,72.3,49.4,3937,rotor,three,92,2bbl,3.14,4.03,11.9,221,5500,27,30,26249
252,0,audi sedan,gas,turbo,two,sedan,rwd,front,111.8,151.8,65.5,50.0,2497,rotor,two,128,mpfi,3.69,3.58,8.9,88,4200,15,20,36913
253,-2,bmw sedan,diesel,turbo,four,hatchback,fwd,front,107.8,176.6,66.2,59.3,4000,ohc,six,152,idi,3.42,2.22,11.1,125,5000,14,17,32445
254,-1,honda coupe,gas,turbo,two,convertible,4wd,front,95.4,153.6,71.9,56.2,3443,l,three,141,mpfi,2.58,2.91,8.0,112,5000,12,18,45423
255,-2,honda sedan,gas,std,two,convertible,4wd,front,88.4,156.5,66.7,55.0,3216,ohcf,eight,226,2bbl,3.67,2.82,7.5,236,5500,37,47,18104
256,-2,hyundai coupe,diesel,std,four,hatchback,fwd,rear,92.1,166.1,66.9,50.3,2968,dohc,three,231,2bbl,2.55,3.42,8.4,76,5500,24,30,35053
257,0,audi suv,gas,std,two,sedan,rwd,rear,115.3,155.2,67.1,53.6,1559,l,eight,186,2bbl,2.99,3.45,11.5,199,4500,25,30,42598
258,1,toyota sedan,diesel,std,four,hardtop,rwd,rear,113.5,188.8,61.5,53.9,1840,rotor,two,268,2bbl,2.7,2.74,10.2,71,4200,40,43,36443
259,-1,hyundai coupe,gas,turbo,four,hatchback,4wd,rear,92.3,201.0,69.4,56.4,1505,ohc,five,230,spdi,2.55,3.06,8.3,290,6000,33,40,40549
260,3,honda coupe,diesel,std,four,sedan,fwd,rear,98.4,183.3,65.5,50.1,3788,ohc,six,164,2bbl,3.97,2.6,7.6,170,6500,30,36,43018
261,3,audi suv,diesel,turbo,four,wagon,fwd,front,98.7,171.7,67.5,58.0,3425,rotor,eight,209,idi,3.43,4.0,11.7,255,4200,39,45,17343
262,-2,honda wagon,gas,turbo,two,sedan,fwd,rear,89.8,150.4,62.3,50.5,4069,ohc,four,273,spdi,3.9,3.18,9.1,236,6500,40,50,6407
263,-2,toyota hatchback,diesel,turbo,four,wagon,rwd,rear,101.6,179.7,73.5,51.7,2564,ohcf,five,250,1bbl,3.65,2.12,8.8,164,4500,21,27,45542
264,-1,bmw hatchback,gas,std,two,sedan,rwd,front,101.0,165.9,63.1,56.5,4226,dohc,four,135,1bbl,3.17,4.44,9.7,79,4200,17,24,31513
265,1,chevrolet hatchback,gas,turbo,four,convertible,rwd,front,113.2,191.0,73.8,52.1,1960,l,two,131,spdi,2.68,2.06,10.1,104,5500,27,32,28422
266,-2,volkswagen hatchback,gas,turbo,two,sedan,fwd,rear,109.0,207.0,74.6,52.7,3508,dohc,six,88,1bbl,3.1,3.79,9.1,146,5000,14,22,5798
267,0,ford wagon,gas,std,four,convertible,rwd,rear,91.6,191.0,73.5,56.7,3196,ohcf,six,104,2bbl,2.81,3.19,11.3,300,5000,21,29,9332
268,-2,toyota wagon,diesel,turbo,two,hardtop,rwd,front,92.8,198.3,64.3,53.9,2736,rotor,four,312,spdi,3.61,2.56,11.0,87,5000,30,39,24671
269,-2,ford wagon,gas,turbo,two,sedan,fwd,rear,102.8,207.9,69.0,52.3,3468,rotor,five,192,idi,3.96,4.05,8.9,235,6000,32,42,6149
270,-1,volkswagen sedan,gas,turbo,four,hatchback,rwd,front,87.8,165.3,69.5,59.5,1699,dohc,four,99,spdi,2.79,3.57,10.8,201,4500,39,46,40632
271,3,ford suv,diesel,std,four,hatchback,fwd,front,103.6,166.1,67.3,52.1,2167,ohc,three,139,spdi,2.83,2.47,11.5,205,6500,22,30,39449
272,1,hyundai sedan,gas,std,two,convertible,rwd,rear,109.5,149.7,66.6,59.9,3642,dohc,three,215,mpfi,3.62,2.3,7.6,225,4500,39,43,19848
273,-1,bmw sedan,diesel,std,two,sedan,rwd,rear,87.4,147.5,71.9,54.2,1742,l,two,189,mpfi,2.6,3.67,10.8,248,4200,21,26,44439
274,-1,chevrolet sedan,gas,std,four,hardtop,rwd,rear,91.5,175.0,70.9,50.9,3835,ohc,two,67,spdi,2.83,2.48,8.4,278,6000,18,24,5283
275,-1,kia wagon,diesel,std,four,sedan,fwd,rear,119.4,169.7,67.7,52.9,2787,ohc,five,116,spdi,2.7,3.91,10.5,190,6500,35,39,7661
276,1,honda wagon,diesel,turbo,four,convertible,fwd,rear,95.9,199.9,62.8,48.8,3448,dohc,three,66,idi,3.51,2.99,9.6,221,4200,14,22,12813
277,1,volkswagen sedan,gas,std,four,hatchback,rwd,front,106.2,209.3,61.8,58.1,4470,l,four,199,idi,3.03,3.67,11.8,300,5500,16,25,38516
278,1,honda sedan,diesel,turbo,four,hatchback,4wd,front,87.0,191.6,72.5,54.0,1609,ohcf,five,227,2bbl,2.95,3.56,10.8,217,6000,20,25,37256
279,-1,ford wagon,diesel,turbo,four,hardtop,4wd,front,118.4,142.2,66.5,59.0,3071,l,four,252,idi,3.19,2.08,9.8,268,5000,37,47,15757
280,-1,ford wagon,diesel,std,four,hardtop,4wd,rear,102.2,199.8,67.6,52.7,3526,rotor,five,240,1bbl,2.98,2.07,7.2,262,5000,27,36,27863
281,3,chevrolet wagon,gas,turbo,four,wagon,rwd,rear,87.9,157.1,63.5,51.7,1847,ohc,four,118,1bbl,2.75,3.35,7.2,216,5500,37,40,42227
282,0,toyota wagon,gas,turbo,four,hardtop,rwd,rear,105.5,196.6,61.5,56.1,2876,l,six,233,2bbl,3.42,2.91,9.2,175,6500,28,37,9936
283,0,ford sedan,diesel,turbo,two,hardtop,4wd,front,110.4,180.5,68.9,51.3,3820,rotor,five,278,2bbl,3.02,2.19,11.1,177,5000,38,44,33371
284,-1,nissan wagon,diesel,turbo,two,sedan,4wd,front,105.6,154.9,74.4,56.9,3414,dohc,eight,282,spdi,3.59,2.15,8.0,166,4500,33,41,20753
285,1,nissan suv,gas,std,four,wagon,rwd,front,94.7,182.1,66.1,49.4,2286,ohc,three,218,idi,3.23,4.48,9.1,279,4200,16,23,18237
286,-1,toyota suv,diesel,std,two,convertible,fwd,front,115.2,145.9,69.0,58.4,3167,dohc,eight,106,idi,3.91,3.81,7.7,76,6000,17,24,37784
287,1,honda hatchback,gas,turbo,four,hardtop,4wd,rear,113.4,192.1,74.0,50.6,1937,ohcf,three,200,idi,3.11,4.16,7.3,184,5000,15,22,12403
288,1,audi suv,gas,turbo,four,wagon,rwd,front,107.9,203.4,60.5,56.9,1723,ohcf,four,256,1bbl,3.46,3.75,11.5,223,4200,22,31,40055
289,1,nissan sedan,diesel,turbo,four,sedan,fwd,rear,93.2,202.3,73.7,55.6,4139,l,two,200,mpfi,3.73,4.35,9.4,153,5000,39,45,32680
290,-1,ford coupe,gas,turbo,four,hardtop,4wd,rear,101.4,141.9,60.8,55.7,4081,l,eight,129,mpfi,3.1,3.57,8.6,69,4200,40,44,15343
291,2,nissan suv,diesel,turbo,two,wagon,fwd,rear,113.2,153.9,66.2,50.2,3045,rotor,three,70,mpfi,3.88,3.62,10.1,280,4200,19,24,35305
292,3,bmw sedan,diesel,turbo,four,hatchback,fwd,rear,91.8,179.7,60.2,54.3,3358,l,two,174,2bbl,2.79,4.15,10.9,121,6500,18,25,37385
293,1,audi coupe,gas,turbo,two,convertible,fwd,rear,112.9,142.0,74.6,50.8,3347,ohcf,four,294,mpfi,2.52,2.33,8.6,225,5500,24,29,18907
294,3,nissan coupe,diesel,std,two,hardtop,fwd,front,97.3,156.4,73.6,60.0,4247,rotor,eight,83,mpfi,2.88,3.55,8.5,149,6500,34,43,29307
295,2,bmw suv,gas,turbo,four,convertible,fwd,front,96.8,177.1,62.1,49.4,1680,ohcf,five,203,1bbl,3.89,2.71,11.4,204,5000,16,19,38880
296,-1,chevrolet wagon,gas,turbo,two,hatchback,fwd,front,93.8,142.5,63.9,56.5,3287,ohc,five,80,idi,3.03,3.77,9.4,174,4200,22,31,14702
297,-2,audi suv,gas,std,four,hardtop,4wd,front,105.8,208.0,67.9,54.8,3205,ohc,three,315,mpfi,3.83,2.06,10.4,222,4200,15,23,30832
298,0,bmw sedan,gas,turbo,four,convertible,4wd,rear,106.2,140.4,74.5,55.9,3355,dohc,eight,126,2bbl,3.79,4.0,8.4,252,4200,23,27,9634
299,-2,nissan suv,gas,std,four,sedan,fwd,front,91.5,194.6,64.3,57.0,4179,ohcf,two,212,idi,3.7,3.84,11.6,279,6500,29,38,44551
300,3,honda suv,gas,turbo,four,convertible,rwd,rear,105.1,169.6,71.3,57.7,4014,ohcf,five,278,mpfi,2.56,2.85,9.3,105,6500,16,24,49973
301,1,kia coupe,gas,turbo,four,convertible,fwd,rear,96.2,208.9,70.3,51.6,2518,rotor,five,211,spdi,2.57,2.19,7.2,75,6000,34,39,32847
302,1,volkswagen suv,diesel,turbo,two,hardtop,fwd,front,111.2,172.4,71.8,58.1,1685,ohc,five,212,1bbl,3.38,3.14,10.4,207,5000,25,29,27369
303,-1,bmw sedan,diesel,std,four,hardtop,fwd,front,99.4,140.9,69.8,53.5,3159,rotor,eight,309,1bbl,3.43,4.43,8.8,220,6500,39,44,49243
304,-2,bmw hatchback,gas,std,two,sedan,4wd,front,115.2,154.6,69.7,55.8,3284,rotor,three,104,1bbl,3.65,2.37,9.1,77,4500,24,31,14989
305,1,hyundai sedan,diesel,std,two,wagon,4wd,rear,87.7,140.6,69.5,56.6,3202,l,eight,208,mpfi,3.23,3.22,10.0,204,6500,35,45,36975
306,2,toyota wagon,diesel,std,four,convertible,rwd,front,102.8,205.7,65.2,56.4,1585,ohcf,four,158,idi,3.02,2.58,8.1,280,6500,19,22,27226
307,-1,ford wagon,diesel,turbo,four,hatchback,4wd,front,95.6,192.4,70.0,49.5,2317,ohcf,six,311,mpfi,3.69,4.36,9.5,108,4500,31,41,41492
308,0,ford suv,gas,std,two,sedan,rwd,rear,89.9,155.9,68.4,53.8,2893,dohc,two,196,2bbl,3.78,4.18,10.0,74,6500,13,16,8304
309,-2,honda coupe,gas,std,two,hatchback,4wd,front,115.6,203.8,62.4,51.5,3308,rotor,five,110,2bbl,3.47,2.84,7.7,265,4500,26,36,33777
310,-1,hyundai suv,diesel,std,two,wagon,rwd,rear,98.3,186.5,62.3,57.0,3227,ohcf,three,279,idi,3.88,4.25,11.8,180,6500,25,28,28709
311,-1,toyota coupe,gas,std,four,wagon,rwd,front,100.8,167.5,60.6,59.1,2118,rotor,two,211,idi,3.1,3.7,9.8,125,6500,12,22,25558
312,0,kia coupe,gas,turbo,four,hatchback,4wd,rear,109.7,202.1,71.7,52.9,2308,dohc,two,78,spdi,3.0,3.81,10.7,80,6000,23,26,40441
313,-2,kia coupe,diesel,turbo,two,sedan,fwd,rear,94.2,194.2,70.9,59.8,1952,ohc,four,192,spdi,3.03,2.12,10.3,79,5500,21,27,24527
314,1,chevrolet hatchback,gas,turbo,four,wagon,4wd,front,110.3,176.4,63.7,51.9,3885,ohcf,four,292,mpfi,2.72,3.06,9.1,71,4200,30,33,32845
315,1,audi wagon,gas,turbo,four,hardtop,4wd,rear,115.6,180.9,69.5,60.0,4322,l,eight,273,2bbl,2.72,2.32,10.6,81,6500,40,45,38632
316,3,audi wagon,diesel,std,two,hardtop,rwd,front,106.5,168.6,61.8,54.9,1664,rotor,three,120,1bbl,2.96,2.94,8.5,55,4500,39,43,14315
317,-2,ford suv,gas,std,four,sedan,fwd,rear,88.3,143.1,67.2,51.7,3352,dohc,five,303,spdi,2.7,2.35,10.2,242,5500,37,46,48726
318,3,chevrolet sedan,diesel,turbo,two,convertible,rwd,front,118.6,202.3,71.0,55.8,2178,ohc,six,218,spdi,3.47,3.61,7.4,292,6000,26,31,40509
319,2,kia hatchback,diesel,std,two,hardtop,fwd,front,95.3,154.4,72.4,58.1,3873,l,two,224,idi,3.38,3.23,11.7,135,5500,30,33,16829
320,2,chevrolet wagon,diesel,std,two,sedan,4wd,front,95.7,152.8,71.5,49.9,3168,ohcf,two,226,2bbl,2.54,2.15,8.9,129,4500,25,28,32054
321,0,nissan sedan,gas,std,two,hardtop,4wd,front,102.8,192.7,65.8,49.4,1748,dohc,five,268,mpfi,3.23,3.02,8.2,274,4200,40,48,22639
322,-1,kia hatchback,diesel,turbo,four,sedan,4wd,front,112.6,150.0,68.1,50.0,2504,rotor,five,291,mpfi,2.5,3.16,11.1,122,6500,29,33,15969
323,1,ford coupe,diesel,turbo,four,hatchback,4wd,rear,87.5,191.7,68.4,51.6,3119,ohc,three,203,idi,2.82,3.26,11.0,274,6500,12,15,27454
324,3,hyundai suv,gas,turbo,four,hatchback,rwd,rear,86.5,188.4,69.7,48.0,3451,ohc,two,148,idi,3.33,3.74,9.4,148,6000,32,39,10318
325,2,toyota wagon,gas,turbo,four,hardtop,rwd,rear,92.0,193.8,70.5,48.1,3395,dohc,three,287,mpfi,2.83,2.05,8.4,283,6500,37,41,28450
326,2,ford hatchback,gas,turbo,four,sedan,rwd,rear,116.8,189.5,63.1,50.4,4115,l,two,202,spdi,3.25,2.43,8.0,237,6000,18,22,49051
327,-2,volkswagen hatchback,gas,std,four,hardtop,fwd,rear,92.5,187.5,74.9,56.3,3682,rotor,four,292,mpfi,3.91,3.6,11.7,61,5000,33,38,33347
328,0,honda coupe,diesel,turbo,four,hardtop,fwd,front,87.6,204.3,68.0,51.8,3105,ohcf,four,101,spdi,3.71,4.48,8.1,224,5500,39,48,9878
329,-1,chevrolet suv,gas,std,two,convertible,rwd,front,106.1,183.8,65.0,51.0,1941,l,three,234,mpfi,3.73,3.3,8.2,66,6000,19,25,45603
330,3,hyundai coupe,gas,std,two,sedan,rwd,rear,116.3,188.5,71.7,48.7,3310,ohc,four,281,mpfi,2.65,2.14,7.3,265,5500,26,30,31324
331,-1,volkswagen coupe,gas,turbo,four,convertible,rwd,front,97.5,205.6,71.7,53.4,2844,rotor,three,115,mpfi,2.52,3.78,10.0,263,4500,15,24,42566
332,0,nissan wagon,diesel,std,two,hatchback,fwd,front,90.3,180.9,67.7,55.8,2965,dohc,six,134,2bbl,3.2,3.51,8.5,296,4200,16,23,38926
333,-2,audi coupe,gas,turbo,four,hatchback,fwd,front,112.7,163.9,70.0,56.3,3414,rotor,eight,229,spdi,3.35,2.84,8.5,132,4500,30,35,11871
334,1,audi sedan,gas,std,four,hardtop,fwd,front,102.3,193.8,72.2,57.7,3039,ohcf,five,154,mpfi,3.04,2.18,7.2,77,4500,26,29,24043
335,3,volkswagen suv,gas,std,two,hatchback,rwd,front,93.4,158.3,62.6,58.2,2507,ohcf,three,71,2bbl,3.76,4.28,7.1,221,4500,26,32,29833
336,0,audi suv,diesel,std,four,wagon,4wd,front,118.0,208.4,75.0,58.6,4412,ohc,two,133,2bbl,3.69,2.48,8.9,143,5000,32,36,44292
337,-2,volkswagen coupe,gas,turbo,two,wagon,fwd,front,107.4,159.6,61.9,54.1,3892,l,three,101,idi,3.69,3.54,7.8,147,6500,25,31,38368
338,2,hyundai hatchback,diesel,turbo,four,convertible,rwd,rear,105.8,184.7,71.9,55.8,2348,ohcf,three,291,2bbl,3.09,2.76,11.4,194,4500,23,33,29517
339,-1,honda suv,diesel,turbo,two,hardtop,fwd,rear,103.4,163.5,66.8,53.2,3005,l,four,199,idi,2.54,3.1,8.3,67,5000,20,24,10401
340,0,audi sedan,gas,std,four,sedan,4wd,front,97.3,187.3,63.8,56.9,4299,dohc,three,130,spdi,3.87,2.02,8.5,258,5000,21,25,31464
341,1,kia hatchback,diesel,std,two,hatchback,rwd,front,103.5,195.0,71.4,56.7,3389,dohc,two,220,2bbl,3.14,4.35,9.1,160,5500,24,27,41598
342,-1,volkswagen hatchback,diesel,std,four,wagon,rwd,front,100.3,188.0,66.1,57.3,3702,dohc,four,71,spdi,3.68,4.31,7.8,291,5000,12,20,42236
343,1,audi wagon,gas,turbo,two,convertible,fwd,rear,105.4,171.6,73.4,49.1,1927,rotor,three,76,spdi,3.23,2.47,7.3,294,5500,32,41,23600
344,0,kia sedan,diesel,std,four,hardtop,fwd,front,97.1,203.7,65.9,59.9,2028,rotor,five,304,mpfi,3.08,4.26,8.0,270,4500,18,24,25300
345,-1,volkswagen coupe,diesel,std,four,wagon,fwd,front,119.7,171.2,72.4,55.3,2511,rotor,four,311,idi,3.19,2.1,7.5,213,5500,25,35,27726
346,1,volkswagen hatchback,diesel,std,two,hardtop,4wd,rear,101.6,203.8,62.8,54.8,3111,ohc,three,140,1bbl,3.82,3.34,10.3,65,6500,34,41,19238
347,2,honda suv,gas,std,four,convertible,rwd,front,94.6,175.4,66.9,48.9,4344,l,five,235,idi,3.78,2.99,7.1,77,6500,27,36,13944
348,1,hyundai sedan,gas,std,four,hatchback,rwd,rear,114.6,151.9,60.3,49.2,2704,ohc,six,260,2bbl,2.62,3.91,10.4,87,5500,22,32,28467
349,3,toyota coupe,gas,turbo,two,hardtop,4wd,front,99.3,161.6,60.8,48.1,3045,ohcf,three,251,2bbl,2.8,2.04,7.1,51,5000,17,23,17592
350,-1,honda hatchback,gas,std,four,hardtop,fwd,rear,97.0,183.9,69.4,59.2,3118,l,two,178,2bbl,2.66,2.81,7.1,215,5000,33,37,5785
351,1,audi sedan,diesel,turbo,two,sedan,fwd,rear,96.3,181.9,74.7,49.2,3696,rotor,three,188,mpfi,3.4,4.45,10.5,221,6500,24,30,13711
352,3,chevrolet wagon,gas,turbo,two,hardtop,4wd,rear,99.0,184.8,63.5,55.0,1554,ohcf,two,123,1bbl,2.85,3.07,8.2,68,4200,22,27,14014
353,0,audi hatchback,diesel,std,two,hatchback,4wd,rear,111.1,163.0,64.2,55.7,1662,rotor,five,207,mpfi,2.84,3.83,8.7,100,6000,23,33,8543
354,3,audi coupe,diesel,turbo,two,convertible,4wd,front,88.2,174.4,74.3,48.6,2079,ohcf,three,106,2bbl,3.39,4.08,11.7,108,6000,33,39,10122
355,0,bmw hatchback,gas,turbo,two,hardtop,fwd,rear,95.7,171.4,69.5,51.3,3470,ohc,four,263,idi,2.75,3.1,9.5,236,5500,25,35,15215
356,-2,nissan wagon,gas,turbo,two,hardtop,4wd,front,94.7,172.5,66.8,52.5,3982,l,two,230,2bbl,3.57,2.49,11.6,49,4200,38,48,37813
357,1,nissan wagon,diesel,turbo,four,convertible,rwd,front,99.9,142.7,73.8,52.6,3816,ohcf,three,283,1bbl,3.66,3.88,8.7,229,5500,35,43,46614
358,3,toyota wagon,diesel,std,two,convertible,fwd,rear,107.5,187.3,70.5,55.7,2570,rotor,five,135,1bbl,2.87,3.45,10.3,89,4200,34,42,12650
359,3,nissan wagon,gas,std,four,hatchback,rwd,rear,109.5,175.0,68.0,58.6,3900,dohc,eight,270,mpfi,2.66,3.43,11.0,256,4500,36,40,22630
360,3,nissan suv,gas,std,four,sedan,fwd,front,112.3,169.2,66.3,51.5,3265,ohcf,three,251,2bbl,3.56,2.5,7.9,290,4200,35,41,34534
361,-1,audi sedan,gas,std,four,convertible,rwd,front,115.5,151.6,64.4,52.5,2633,ohc,four,75,spdi,2.85,3.21,10.8,50,4200,30,36,22437
362,3,volkswagen sedan,gas,std,two,convertible,4wd,rear,117.7,173.1,65.1,53.2,3018,dohc,four,182,1bbl,3.5,2.95,7.3,139,5000,36,39,11565
363,3,nissan hatchback,gas,std,four,hatchback,rwd,rear,107.0,186.1,67.1,53.0,2269,ohc,eight,224,mpfi,3.45,4.18,11.8,236,5000,12,22,49428
364,2,hyundai wagon,gas,turbo,four,convertible,4wd,front,111.0,160.6,62.9,49.7,3630,rotor,eight,318,mpfi,2.69,3.99,8.5,220,6000,26,32,35592
365,-2,hyundai coupe,gas,std,two,hatchback,4wd,front,89.6,209.5,60.4,59.1,2837,l,four,172,1bbl,3.5,4.38,10.4,218,4500,17,27,40031
366,-2,chevrolet hatchback,gas,turbo,four,convertible,4wd,rear,113.5,155.6,61.7,49.1,1865,dohc,eight,156,mpfi,3.36,2.32,8.6,145,6000,32,42,5110
367,2,kia hatchback,diesel,turbo,four,wagon,4wd,front,103.7,182.1,63.3,52.7,3704,l,four,134,1bbl,3.76,3.25,9.3,201,5000,21,24,14559
368,2,chevrolet suv,gas,turbo,four,hatchback,rwd,rear,109.9,166.4,74.7,52.0,4435,ohcf,eight,175,mpfi,3.88,3.94,11.3,234,5500,35,38,24601
369,-2,kia wagon,diesel,turbo,four,wagon,rwd,rear,88.4,190.9,64.2,59.1,4371,rotor,five,109,2bbl,2.99,3.98,11.3,61,6500,38,43,24927
370,2,bmw wagon,diesel,turbo,two,hatchback,fwd,front,111.0,140.6,70.9,54.9,4278,ohcf,five,278,2bbl,3.89,2.24,11.9,93,4200,26,31,12690
371,2,nissan hatchback,diesel,std,two,sedan,fwd,rear,102.6,188.2,74.3,55.8,3037,ohc,five,255,1bbl,3.45,3.11,7.1,77,4200,28,36,12998
372,-2,volkswagen coupe,diesel,turbo,two,hardtop,fwd,rear,102.5,185.1,66.5,54.9,1907,dohc,two,154,idi,3.72,2.05,9.8,185,6000,27,33,37018
373,-1,honda hatchback,gas,std,four,wagon,fwd,front,90.4,154.4,62.4,54.7,1643,ohc,two,319,1bbl,3.05,3.36,9.1,289,6500,14,18,5005
374,-2,kia suv,diesel,std,four,wagon,4wd,rear,106.6,175.7,70.3,56.0,1683,ohcf,two,156,2bbl,2.95,4.08,11.8,202,6000,19,26,19158
375,0,bmw coupe,diesel,std,four,wagon,rwd,front,99.6,145.8,63.8,53.1,4344,ohcf,six,164,mpfi,3.44,2.67,10.2,213,4500,30,38,29388
376,1,bmw suv,diesel,turbo,two,hardtop,fwd,front,95.2,177.2,70.3,52.9,2849,ohc,four,230,1bbl,2.72,4.0,8.4,73,5500,30,35,19563
377,-2,bmw coupe,diesel,turbo,two,hardtop,rwd,rear,104.8,182.5,73.4,50.0,3095,ohcf,four,266,idi,3.39,2.65,10.4,230,4500,24,28,48094
378,1,volkswagen suv,gas,turbo,two,hardtop,rwd,rear,92.2,209.0,72.0,54.0,2629,l,six,177,1bbl,3.45,2.22,8.5,245,5000,16,21,10907
379,-2,audi sedan,gas,std,two,wagon,4wd,rear,113.5,140.7,74.2,56.1,4493,ohcf,five,314,spdi,3.53,3.69,9.7,79,5500,32,36,5910
380,3,toyota wagon,diesel,std,two,hardtop,rwd,front,108.9,201.7,67.9,50.7,1807,dohc,three,240,mpfi,3.13,2.95,8.9,76,5000,31,37,49503
381,0,ford wagon,diesel,turbo,two,sedan,4wd,rear,93.4,161.3,74.0,55.7,1645,l,six,309,mpfi,3.03,3.54,8.6,138,4200,19,23,5337
382,1,chevrolet sedan,gas,turbo,four,hatchback,fwd,front,100.0,203.9,60.1,57.2,2524,ohcf,five,262,1bbl,2.95,3.07,7.9,255,5000,23,28,12123
383,-1,bmw suv,diesel,std,four,hatchback,fwd,front,95.7,149.4,66.3,52.0,1629,ohcf,eight,161,idi,3.94,4.46,7.6,173,6000,26,36,37477
384,0,nissan coupe,diesel,std,two,sedan,fwd,front,91.3,175.0,71.5,50.8,4278,dohc,five,64,idi,3.22,2.71,7.4,157,4500,37,42,45475
385,-1,ford sedan,diesel,std,four,hatchback,rwd,front,109.8,175.2,62.7,59.9,3921,ohcf,three,121,2bbl,3.1,2.68,8.0,85,5500,16,21,6157
386,-2,toyota wagon,diesel,turbo,two,hatchback,rwd,rear,102.3,175.7,69.7,51.7,2602,dohc,four,239,idi,2.87,4.24,7.9,48,4200,31,37,48281
387,-1,ford wagon,diesel,std,four,hatchback,rwd,rear,98.4,161.3,61.5,48.2,3760,ohcf,four,244,1bbl,3.61,3.47,10.0,108,6500,35,43,23084
388,-2,honda hatchback,gas,std,two,hatchback,4wd,rear,117.5,145.2,68.2,52.1,4471,l,three,138,mpfi,2.69,3.05,10.6,276,6000,18,27,27763
389,1,honda wagon,gas,turbo,four,hardtop,4wd,front,91.7,159.2,74.5,51.5,3819,ohc,eight,157,idi,3.24,3.33,9.6,67,4500,40,48,33688
390,2,nissan wagon,diesel,std,two,sedan,fwd,front,106.1,140.6,73.9,54.2,3563,rotor,four,215,2bbl,2.94,2.67,7.6,105,4200,36,45,39967
391,-2,bmw suv,gas,turbo,two,hatchback,fwd,front,86.0,164.3,69.1,52.4,1840,rotor,four,128,idi,3.85,2.74,11.9,208,4200,19,26,28296
392,-1,ford sedan,gas,turbo,four,hardtop,4wd,front,113.8,155.4,64.0,55.0,3119,ohcf,five,178,idi,3.05,4.26,7.5,94,5500,19,26,17125
393,-1,volkswagen wagon,gas,turbo,two,wagon,fwd,front,113.8,188.1,62.8,49.7,3246,ohcf,five,266,mpfi,3.59,2.34,10.8,51,6000,38,43,11535
394,-2,honda sedan,gas,std,two,sedan,rwd,front,117.9,182.0,71.9,48.1,1935,rotor,eight,233,mpfi,2.8,3.2,9.8,161,4500,24,33,25144
395,-1,audi sedan,diesel,std,two,sedan,fwd,rear,89.5,202.1,66.2,48.0,2418,ohc,three,278,idi,2.72,3.64,8.1,273,6500,22,32,30214
396,1,bmw sedan,gas,std,four,wagon,fwd,rear,90.0,204.6,73.8,58.7,3976,ohcf,three,279,spdi,3.0,2.45,9.1,276,6500,33,37,24763
397,0,honda suv,diesel,turbo,four,sedan,fwd,front,112.4,150.3,62.2,53.4,3459,ohc,two,278,1bbl,2.72,2.81,7.6,244,5500,31,38,28108
398,1,hyundai wagon,diesel,std,two,convertible,rwd,rear,104.3,174.5,68.0,50.8,1842,rotor,eight,275,spdi,3.37,3.73,10.7,227,4200,22,32,20413
399,-1,toyota suv,diesel,std,two,sedan,rwd,rear,114.9,200.7,72.3,51.5,2090,rotor,five,184,2bbl,3.74,2.14,7.7,294,6500,23,26,14376
400,3,nissan suv,gas,std,two,convertible,4wd,front,87.0,165.6,61.2,48.9,3831,l,three,153,idi,3.62,3.87,10.5,124,5500,24,27,31969
401,1,toyota suv,gas,std,two,sedan,4wd,front,103.1,140.8,72.5,56.2,3360,rotor,eight,192,spdi,3.25,3.77,9.1,88,5000,35,43,11025
402,-1,audi wagon,gas,std,four,hatchback,4wd,front,113.8,172.8,64.7,55.7,3058,ohcf,two,250,idi,2.79,2.27,7.4,202,5000,28,37,6838
403,-1,kia sedan,gas,std,two,wagon,fwd,front,107.7,142.3,64.0,59.7,3813,ohc,six,307,mpfi,2.57,2.23,8.5,299,5000,19,26,23507
404,0,nissan suv,gas,std,four,convertible,4wd,front,103.1,194.3,60.4,57.6,3453,rotor,two,208,2bbl,2.73,3.16,11.4,71,6500,24,30,20176
405,3,bmw hatchback,diesel,turbo,two,wagon,rwd,rear,107.2,205.8,60.6,56.6,4297,l,three,166,spdi,3.41,4.4,9.8,175,4200,40,46,5979
406,2,honda wagon,gas,turbo,four,hatchback,rwd,front,88.3,180.4,65.3,48.9,4410,l,four,302,1bbl,3.64,3.11,11.6,288,4200,16,23,42272
407,0,ford wagon,diesel,std,four,wagon,4wd,rear,98.7,187.8,67.6,51.2,4295,ohc,six,89,2bbl,3.55,3.4,7.8,74,5000,27,30,29629
408,-2,audi wagon,diesel,std,four,convertible,rwd,rear,89.7,152.6,61.6,59.5,3125,l,three,265,1bbl,2.6,2.86,10.0,102,6500,17,26,36209
409,1,toyota coupe,gas,turbo,two,hatchback,rwd,front,119.6,194.2,60.9,57.7,3261,l,three,87,2bbl,3.8,4.38,10.4,117,5000,15,22,46660
410,-1,honda suv,diesel,std,four,convertible,rwd,front,108.8,158.2,72.5,49.1,3255,dohc,four,144,2bbl,3.02,3.05,9.4,224,4500,17,21,33625
411,-2,kia coupe,gas,std,two,wagon,4wd,rear,86.5,202.8,74.0,54.0,2796,ohc,eight,268,1bbl,3.28,2.01,9.3,261,4500,23,32,46569
412,-2,audi hatchback,diesel,std,four,hatchback,rwd,front,118.4,208.0,68.7,48.2,2990,ohc,four,217,spdi,3.73,2.31,9.5,164,5500,26,30,31895
413,2,nissan coupe,diesel,std,two,convertible,rwd,rear,92.0,181.6,68.1,52.6,4201,l,eight,205,spdi,3.91,4.26,7.5,70,4200,23,31,10874
414,2,nissan sedan,diesel,std,four,hardtop,4wd,front,108.7,199.6,63.2,57.3,3759,l,two,160,idi,3.93,2.88,11.0,166,5500,32,35,47261
415,-2,chevrolet hatchback,diesel,turbo,four,wagon,rwd,front,86.1,203.6,60.5,48.3,3033,rotor,eight,222,1bbl,2.76,3.43,9.2,190,5500,34,43,17626
416,-2,volkswagen wagon,gas,turbo,two,convertible,rwd,front,100.9,147.0,72.0,54.1,4086,rotor,five,193,spdi,2.74,2.81,7.5,54,5500,31,40,5756
417,-2,volkswagen coupe,gas,turbo,two,hatchback,rwd,rear,92.3,185.7,63.3,50.3,2504,l,four,86,1bbl,2.62,2.36,7.1,300,6000,32,37,11777
418,2,honda sedan,gas,turbo,four,hatchback,fwd,front,102.8,165.3,72.6,52.7,3511,ohc,five,97,idi,3.94,2.19,10.4,144,5000,15,25,46520
419,-1,ford sedan,gas,std,two,wagon,rwd,rear,119.8,182.0,60.1,54.3,2542,ohc,three,75,spdi,2.53,3.28,7.8,269,5000,26,31,12522
420,-2,chevrolet hatchback,gas,std,two,wagon,rwd,rear,92.8,146.4,70.6,55.8,3413,l,five,264,2bbl,2.88,2.49,11.2,231,5000,40,46,30744
421,-1,audi wagon,diesel,turbo,four,hardtop,4wd,rear,113.7,183.6,69.1,53.2,3823,dohc,four,92,idi,2.75,2.08,9.6,198,5500,15,22,24233
422,1,toyota sedan,gas,turbo,four,hatchback,rwd,front,88.5,186.0,65.6,57.4,2000,ohc,four,65,1bbl,2.82,3.42,8.6,107,6000,31,39,9340
423,2,audi coupe,gas,std,four,hardtop,4wd,front,105.5,185.2,70.2,53.2,2811,ohcf,three,85,idi,3.25,4.48,9.1,79,5500,24,31,16215
424,2,nissan hatchback,gas,turbo,two,hardtop,fwd,rear,95.7,198.9,66.0,58.7,3660,ohc,four,68,mpfi,3.2,4.07,9.1,125,5000,31,39,25787
425,1,honda coupe,diesel,turbo,two,convertible,rwd,rear,102.8,184.9,73.7,58.1,4031,ohc,two,174,mpfi,3.74,2.35,12.0,268,6500,36,44,33552
426,-2,audi suv,gas,std,four,sedan,fwd,front,118.2,145.3,64.9,55.4,3054,dohc,eight,147,2bbl,3.38,2.3,8.6,85,6000,19,24,32085
427,3,honda coupe,gas,turbo,four,wagon,rwd,rear,93.7,158.5,64.4,49.0,3787,ohcf,eight,165,mpfi,2.61,3.24,8.1,219,4500,32,42,35680
428,-1,hyundai sedan,diesel,std,four,wagon,4wd,rear,108.3,199.3,61.6,49.6,2989,l,five,163,idi,2.78,2.69,7.8,126,6000,38,47,47492
429,1,honda sedan,gas,std,four,hatchback,rwd,front,102.2,177.2,65.3,49.4,3754,ohc,four,280,2bbl,2.73,3.26,9.5,61,5500,15,20,22864
430,-2,nissan wagon,gas,turbo,two,convertible,fwd,rear,104.0,174.6,66.5,56.2,4147,ohcf,two,172,mpfi,2.58,2.09,8.3,64,6000,23,27,11621
431,2,nissan wagon,diesel,std,two,wagon,rwd,front,91.8,154.3,69.6,56.5,2679,ohc,two,154,spdi,3.86,3.56,10.7,266,6500,20,26,20638
432,3,honda hatchback,gas,turbo,four,hatchback,fwd,rear,100.5,141.5,74.6,58.6,2199,ohc,six,240,idi,3.37,3.22,8.2,76,4200,17,25,6139
433,-1,kia coupe,gas,std,two,sedan,rwd,rear,101.4,191.4,74.8,51.1,3492,dohc,four,294,mpfi,3.74,2.75,8.7,180,6500,30,37,44042
434,0,kia sedan,gas,turbo,two,hatchback,rwd,rear,87.1,180.4,70.4,53.2,2345,ohc,three,253,mpfi,3.95,4.19,10.4,278,5500,27,31,39531
435,3,chevrolet suv,diesel,turbo,four,wagon,fwd,front,105.7,189.1,72.5,49.5,3363,rotor,four,207,mpfi,3.95,3.25,10.4,167,6500,17,24,14845
436,2,kia hatchback,diesel,turbo,four,sedan,rwd,front,101.4,155.2,72.4,49.5,3500,dohc,two,280,1bbl,3.49,2.0,8.3,137,5000,28,35,37898
437,-2,ford hatchback,gas,turbo,two,wagon,fwd,front,102.1,164.8,72.2,55.6,3230,l,two,193,1bbl,3.4,2.43,9.2,272,5000,33,38,42890
438,0,bmw wagon,gas,turbo,four,sedan,rwd,rear,104.6,166.3,73.1,53.2,2067,rotor,five,220,spdi,3.9,3.78,9.3,157,5500,16,22,32558
439,-2,kia sedan,diesel,std,two,hardtop,rwd,front,105.7,166.1,69.3,58.8,2701,ohc,five,124,idi,3.51,3.16,10.8,180,5500,25,35,8561
440,0,honda suv,gas,turbo,four,wagon,fwd,front,111.2,187.2,71.1,48.6,2339,rotor,three,313,2bbl,2.84,3.69,11.3,125,6500,14,17,25374
441,1,volkswagen hatchback,gas,std,two,hatchback,4wd,front,103.7,157.3,61.6,48.3,3571,l,five,88,mpfi,2.95,3.21,7.9,108,6000,35,38,22057
442,3,volkswagen sedan,diesel,std,two,hatchback,fwd,front,91.8,191.9,68.2,53.7,2687,dohc,eight,111,spdi,3.24,3.67,9.0,226,4200,38,48,35406
443,-1,toyota suv,diesel,std,four,sedan,4wd,rear,87.2,185.5,69.9,53.3,2952,ohcf,five,294,1bbl,2.51,2.4,9.5,268,6000,25,34,18813
444,2,honda hatchback,gas,turbo,four,convertible,4wd,front,95.5,193.4,64.5,52.7,4142,l,five,301,spdi,3.49,3.44,11.6,246,6500,23,32,39434
445,3,chevrolet coupe,diesel,turbo,two,sedan,fwd,front,93.9,186.6,67.5,56.2,2825,ohcf,eight,181,mpfi,3.85,2.43,11.5,241,5500,20,25,9218
446,-2,toyota sedan,diesel,turbo,two,hatchback,rwd,front,109.8,166.4,74.8,54.9,2318,ohcf,four,311,idi,3.52,2.56,10.7,159,6000,13,20,17602
447,3,honda hatchback,gas,std,two,wagon,rwd,front,97.6,187.8,74.4,56.7,3663,l,three,166,spdi,3.74,3.25,8.8,278,6000,14,17,14035
448,1,nissan wagon,gas,std,two,hardtop,rwd,front,90.0,156.1,69.0,52.0,2417,dohc,four,259,1bbl,2.6,4.18,11.8,67,6000,37,41,42706
449,1,volkswagen sedan,gas,turbo,four,sedan,fwd,rear,100.3,154.0,73.3,48.7,2336,rotor,eight,228,mpfi,2.85,2.18,11.7,279,6000,19,26,7317
450,1,volkswagen coupe,gas,turbo,two,wagon,4wd,front,89.5,174.8,63.4,52.2,3456,dohc,three,70,mpfi,2.54,3.95,8.0,203,5500,23,27,49691
451,2,hyundai sedan,diesel,turbo,two,convertible,4wd,rear,104.7,148.1,61.8,55.4,3006,dohc,three,235,idi,3.88,2.6,7.5,50,4500,33,36,32070
452,-2,audi sedan,gas,std,two,convertible,fwd,rear,87.5,164.5,69.8,50.9,2697,ohcf,six,263,idi,3.49,3.64,7.4,288,6000,35,38,18491
453,-1,hyundai suv,diesel,turbo,two,hardtop,rwd,rear,109.7,175.2,60.8,58.8,4389,rotor,five,203,mpfi,2.81,2.34,11.9,107,5000,27,35,41239
454,0,bmw sedan,gas,turbo,four,sedan,fwd,rear,114.4,158.9,68.8,51.6,1846,ohc,four,256,idi,2.53,2.96,9.2,105,4500,18,22,29859
455,2,toyota suv,gas,turbo,two,hardtop,rwd,rear,113.5,181.4,71.4,52.1,4045,l,five,89,mpfi,3.33,4.38,11.7,121,6000,17,26,35376
456,-1,nissan wagon,gas,std,two,wagon,4wd,rear,88.9,157.5,68.1,52.1,3116,ohc,six,200,1bbl,2.9,2.63,10.3,245,6000,25,32,5808
457,2,chevrolet suv,gas,turbo,four,sedan,rwd,front,101.9,207.6,67.2,58.1,2392,l,two,100,1bbl,3.85,3.38,11.8,160,4500,15,22,21908
458,0,hyundai hatchback,gas,std,two,hardtop,4wd,front,93.9,185.8,62.8,54.1,3303,rotor,four,81,spdi,3.58,2.15,10.6,114,5000,36,43,6056
459,2,toyota coupe,gas,turbo,two,sedan,4wd,rear,89.8,145.4,63.1,54.8,4289,l,two,278,1bbl,2.71,2.82,10.9,133,5500,33,41,47728
460,0,volkswagen sedan,gas,turbo,two,wagon,fwd,front,89.6,154.8,64.7,56.6,3581,rotor,eight,236,2bbl,3.07,3.46,10.3,86,5500,23,33,47546
461,-1,volkswagen coupe,diesel,std,two,hardtop,rwd,rear,96.8,153.7,68.6,58.9,2846,ohcf,four,178,idi,2.97,4.43,10.5,161,6500,14,18,31864
462,0,kia coupe,gas,turbo,four,hardtop,fwd,rear,112.7,156.1,72.4,59.8,3702,ohcf,five,130,spdi,2.89,2.72,8.6,68,5500,23,27,32592
463,2,hyundai hatchback,gas,turbo,two,hatchback,fwd,rear,95.0,178.8,74.0,56.9,2017,ohc,five,72,2bbl,3.98,2.33,11.3,283,5500,28,33,32679
464,1,kia hatchback,diesel,std,four,wagon,4wd,front,119.8,143.2,71.1,52.3,3338,l,eight,290,idi,2.93,3.19,7.7,94,6500,23,28,43637
465,-1,toyota coupe,diesel,turbo,four,wagon,rwd,front,103.3,181.2,74.2,49.2,2717,l,four,84,spdi,3.28,3.31,9.5,285,5500,38,42,23694
466,0,bmw hatchback,gas,std,four,hardtop,rwd,rear,89.4,159.9,61.8,51.3,3297,ohcf,three,207,1bbl,3.98,3.88,11.6,218,5000,22,31,14240
467,2,kia hatchback,gas,std,two,sedan,rwd,front,98.6,159.7,74.2,53.1,3322,rotor,three,292,1bbl,3.88,3.79,11.6,78,5500,15,21,33328
468,-2,bmw suv,gas,turbo,two,hatchback,4wd,front,97.1,175.5,64.1,55.6,3600,ohc,eight,221,mpfi,3.15,4.33,11.0,129,4500,27,34,41580
469,3,toyota hatchback,gas,turbo,two,hatchback,rwd,rear,91.1,197.0,71.0,51.4,2313,ohc,six,169,mpfi,3.15,3.23,10.1,229,4500,33,36,7543
470,2,nissan coupe,gas,turbo,four,hardtop,4wd,front,115.8,198.8,73.1,56.0,3507,l,six,242,spdi,3.22,2.24,7.6,273,5000,25,32,32498
471,-1,nissan sedan,gas,turbo,four,sedan,rwd,rear,110.0,194.2,67.3,57.7,3503,rotor,five,180,mpfi,2.94,3.27,11.4,248,5500,26,34,8984
472,0,chevrolet wagon,diesel,turbo,four,convertible,rwd,front,95.1,191.0,65.1,57.8,2763,l,five,173,spdi,3.81,3.34,10.9,76,6000,29,37,45026
473,2,kia sedan,gas,turbo,two,wagon,rwd,front,108.3,176.3,65.4,50.4,2143,rotor,five,177,1bbl,3.7,4.28,8.7,103,6000,22,27,21299
474,-2,kia sedan,diesel,turbo,two,hatchback,rwd,rear,86.8,184.2,70.3,48.4,2006,l,eight,265,2bbl,3.73,4.19,11.3,67,4200,12,15,38063
475,-2,toyota coupe,gas,std,four,hatchback,4wd,rear,112.7,169.8,71.2,51.6,3379,ohcf,two,195,spdi,3.21,2.73,7.5,295,5500,35,44,41765
476,0,kia coupe,gas,turbo,two,convertible,4wd,rear,118.3,193.4,70.7,53.4,3866,ohc,five,178,idi,3.05,3.41,10.2,133,4500,20,30,46282
477,2,bmw hatchback,diesel,std,two,hatchback,rwd,rear,103.8,198.8,71.4,48.7,3521,dohc,five,219,1bbl,3.75,2.09,10.4,201,5500,14,18,5365
478,2,hyundai coupe,diesel,turbo,two,wagon,rwd,rear,103.5,200.1,74.9,49.0,1930,l,eight,99,idi,2.69,2.03,9.6,79,4500,20,26,17934
479,-2,nissan wagon,gas,turbo,two,hardtop,rwd,rear,86.3,148.2,74.9,56.6,4271,dohc,six,225,spdi,3.83,3.41,7.8,122,6000,26,30,49893
480,2,volkswagen suv,diesel,turbo,two,wagon,4wd,front,91.6,190.1,67.1,51.8,2234,ohcf,five,94,mpfi,2.97,2.47,10.5,185,5500,18,26,26694
481,2,hyundai coupe,gas,std,four,hardtop,fwd,rear,107.4,205.0,64.1,57.8,3245,rotor,eight,216,1bbl,3.44,3.01,8.3,186,6500,15,18,48212
482,2,bmw sedan,gas,turbo,two,wagon,4wd,front,90.3,176.6,69.7,52.6,3857,rotor,six,201,spdi,3.5,3.18,7.8,248,4500,18,22,19184
483,-1,bmw wagon,gas,turbo,two,sedan,fwd,rear,100.5,173.0,64.5,57.1,2486,rotor,five,253,idi,3.56,2.89,11.2,129,6000,14,19,10124
484,-1,ford hatchback,diesel,turbo,four,wagon,4wd,front,105.0,170.5,65.2,48.3,2997,l,eight,237,idi,2.82,3.4,12.0,288,4500,40,46,30064
485,3,toyota hatchback,diesel,turbo,two,sedan,4wd,rear,97.2,203.8,73.7,54.0,1553,rotor,four,77,1bbl,3.46,3.0,12.0,228,5000,23,28,22968
486,2,toyota wagon,diesel,turbo,two,convertible,4wd,front,87.3,142.0,73.4,49.8,2224,ohcf,two,274,mpfi,2.58,3.59,7.3,72,6000,32,35,23184
487,3,volkswagen sedan,diesel,turbo,two,hardtop,4wd,rear,103.6,205.8,66.0,58.1,4242,ohc,two,158,spdi,2.72,2.67,7.9,59,5000,39,45,44880
488,-1,toyota suv,diesel,turbo,two,wagon,rwd,front,105.3,172.4,61.7,49.1,4488,ohc,three,222,spdi,3.44,2.05,7.8,50,4500,18,27,46808
489,-2,audi suv,gas,std,four,sedan,rwd,rear,92.1,149.8,64.7,50.7,2271,dohc,three,150,1bbl,2.89,3.1,7.5,138,6000,23,33,28829
490,3,bmw sedan,diesel,std,two,convertible,rwd,rear,93.1,189.0,67.6,58.0,2601,ohc,six,167,1bbl,2.83,2.65,11.6,180,6500,23,33,46360
491,-1,hyundai coupe,diesel,turbo,four,hardtop,fwd,rear,109.8,184.1,73.0,48.1,3226,l,four,232,mpfi,2.78,2.9,7.8,187,4500,17,27,6425
492,2,volkswagen wagon,diesel,turbo,two,wagon,4wd,rear,106.4,173.8,66.0,48.5,2459,rotor,two,275,idi,3.66,4.38,9.0,55,4500,26,36,38567
493,2,kia hatchback,gas,std,four,sedan,fwd,rear,113.0,149.9,65.2,52.8,3386,ohc,eight,135,2bbl,3.82,2.75,7.4,108,4500,17,24,33609
494,-1,kia suv,gas,turbo,two,wagon,fwd,rear,104.7,167.6,63.2,53.7,3041,l,eight,184,mpfi,3.08,2.8,11.7,150,5000,14,20,23559
495,2,nissan coupe,gas,turbo,four,hardtop,fwd,front,116.1,152.5,63.5,52.3,3553,ohc,six,263,mpfi,3.47,2.35,7.9,102,5000,38,47,33534
496,1,bmw wagon,gas,turbo,four,convertible,4wd,rear,87.2,207.1,66.3,50.0,4294,rotor,two,298,mpfi,3.02,3.83,10.3,151,4200,14,22,15543
497,2,kia wagon,diesel,std,four,convertible,rwd,front,96.3,158.1,69.5,55.2,3344,rotor,four,302,1bbl,3.77,4.43,7.6,93,5500,22,27,39846
498,3,honda hatchback,gas,turbo,four,hatchback,4wd,rear,100.8,172.5,60.6,58.4,3385,dohc,two,249,1bbl,3.14,3.69,10.8,54,6000,36,45,22513
499,0,nissan sedan,diesel,turbo,four,sedan,4wd,front,98.1,142.6,71.1,51.0,1844,rotor,two,124,2bbl,3.45,3.08,8.4,296,5500,17,24,45451
500,-2,honda suv,diesel,std,two,hardtop,4wd,front,99.0,208.6,61.2,59.1,2736,l,five,71,2bbl,3.93,2.64,10.3,274,4200,19,29,33405
501,2,ford suv,gas,std,four,hardtop,rwd,front,111.9,170.6,71.2,57.3,2633,rotor,eight,83,spdi,3.1,2.45,8.4,49,5500,15,21,18574
502,3,bmw suv,diesel,turbo,four,sedan,fwd,front,86.6,162.7,61.0,51.5,4416,rotor,five,275,spdi,2.99,2.97,11.6,51,5000,12,21,27321
503,1,bmw wagon,diesel,std,two,convertible,rwd,rear,87.1,199.7,74.5,55.6,3799,dohc,two,166,spdi,3.05,2.73,8.6,220,5500,22,30,6937
504,2,chevrolet coupe,diesel,turbo,two,wagon,4wd,rear,119.6,166.3,68.1,52.5,2005,ohc,five,171,2bbl,3.99,3.43,7.9,88,6500,16,21,31287
505,0,audi wagon,diesel,turbo,four,sedan,4wd,rear,103.1,177.3,63.4,52.8,3400,dohc,five,140,2bbl,3.1,2.01,11.1,243,5500,29,38,48004
506,1,volkswagen wagon,diesel,turbo,two,sedan,4wd,front,90.7,183.4,75.0,55.2,4498,l,two,226,spdi,2.87,3.42,9.4,71,5000,17,21,6488
507,2,kia hatchback,gas,turbo,four,hatchback,fwd,rear,117.9,204.5,64.8,51.5,1626,ohcf,six,296,idi,2.87,3.51,11.9,251,4500,35,44,35238
508,2,chevrolet hatchback,gas,turbo,two,sedan,4wd,front,109.2,168.4,67.8,53.6,3078,ohc,five,193,spdi,2.68,3.94,10.2,184,6500,28,32,6554
509,3,toyota suv,diesel,std,four,convertible,4wd,rear,100.6,148.7,62.2,51.1,3874,ohc,eight,146,1bbl,3.12,2.85,11.6,251,5500,26,36,18768
510,0,honda wagon,diesel,std,four,wagon,rwd,rear,97.2,171.5,63.9,51.3,1646,ohcf,three,207,mpfi,2.83,2.93,8.8,122,5000,20,24,15374
511,1,hyundai suv,gas,std,two,hardtop,rwd,rear,94.7,156.0,72.8,55.0,2107,rotor,two,192,1bbl,3.58,3.86,12.0,151,5500,30,37,45531
512,0,bmw coupe,diesel,turbo,four,convertible,4wd,front,115.6,173.7,67.3,52.6,4239,ohc,four,175,1bbl,2.81,2.38,10.0,234,4200,40,45,47598
513,1,hyundai coupe,gas,std,two,wagon,4wd,front,99.5,146.9,64.9,48.8,3766,rotor,eight,100,mpfi,3.17,3.31,8.2,252,6500,18,26,16972
514,-1,hyundai hatchback,gas,turbo,four,sedan,4wd,front,110.9,204.2,73.6,49.6,2740,ohc,three,176,2bbl,3.38,3.45,9.3,185,4200,34,40,25896
515,-1,hyundai sedan,diesel,std,four,hatchback,fwd,front,106.3,161.0,60.1,53.2,1956,l,eight,159,spdi,3.71,3.54,9.3,48,5000,37,41,31684
516,1,bmw suv,diesel,turbo,four,wagon,4wd,front,97.6,187.4,67.5,55.5,1956,ohcf,five,63,1bbl,3.84,3.27,9.5,93,4200,31,38,33312
517,-2,hyundai suv,gas,std,two,hatchback,fwd,rear,103.1,162.4,68.0,49.2,2729,rotor,three,139,1bbl,2.73,3.92,10.9,266,4500,33,40,44985
518,0,kia wagon,diesel,turbo,two,wagon,rwd,rear,98.6,161.4,70.9,58.0,2791,l,four,277,spdi,3.09,3.04,10.8,151,4200,33,38,31790
519,1,ford sedan,gas,std,four,wagon,rwd,front,96.9,195.4,64.9,54.7,2316,ohcf,six,317,idi,3.78,2.27,8.2,131,6500,23,28,36436
520,-2,nissan wagon,gas,turbo,four,sedan,fwd,front,107.7,159.3,65.5,59.1,1954,l,three,97,1bbl,3.97,3.83,11.1,271,4500,35,45,43653
521,2,honda wagon,gas,turbo,four,hardtop,4wd,rear,109.4,149.8,71.5,58.4,4364,dohc,four,288,2bbl,2.78,3.17,9.3,133,4500,21,27,49411
522,0,volkswagen sedan,gas,std,four,convertible,rwd,rear,113.1,198.2,60.9,59.9,3029,ohc,six,283,mpfi,3.94,4.18,8.6,185,5500,34,41,23523
523,3,honda sedan,gas,std,two,hardtop,fwd,rear,106.7,209.5,71.3,57.2,3265,dohc,five,291,2bbl,3.48,2.18,10.2,134,5500,30,38,39584
524,-2,nissan coupe,diesel,std,four,sedan,fwd,front,97.0,150.5,72.8,55.0,2837,rotor,five,162,spdi,3.89,4.23,10.6,195,4500,36,45,17376
525,-1,ford hatchback,gas,std,two,hatchback,4wd,rear,118.5,162.9,64.7,50.8,2355,ohcf,four,143,idi,3.99,2.58,11.6,245,5000,36,41,6788
526,-2,nissan sedan,diesel,std,four,sedan,rwd,rear,99.6,154.4,65.7,57.8,1880,ohcf,six,122,2bbl,3.63,2.3,9.4,202,5000,16,26,25767
527,-1,honda coupe,diesel,turbo,four,hardtop,fwd,rear,86.5,166.6,66.3,59.5,1909,dohc,four,218,mpfi,3.15,4.12,8.5,227,4200,25,31,47626
528,1,toyota suv,diesel,std,two,hatchback,fwd,front,90.4,150.9,70.4,57.1,1750,rotor,three,210,1bbl,3.43,4.06,9.1,92,6000,32,41,14920
529,0,honda hatchback,gas,turbo,two,wagon,rwd,rear,116.9,158.6,64.8,57.4,2858,ohc,five,77,2bbl,3.87,2.12,8.9,201,6500,35,40,39419
530,-2,toyota suv,gas,std,four,sedan,fwd,rear,101.8,169.1,73.5,53.3,3970,ohc,four,303,idi,3.85,2.64,8.6,186,5000,17,22,45213
531,1,hyundai coupe,gas,std,two,hardtop,fwd,front,93.7,145.8,61.4,52.8,4019,ohc,three,175,1bbl,2.78,3.65,8.6,297,5500,33,37,48801
532,-1,chevrolet wagon,diesel,std,two,convertible,4wd,front,113.0,208.6,60.2,55.6,2474,ohcf,five,225,mpfi,3.36,3.21,8.7,208,6000,30,37,31585
533,1,volkswagen suv,diesel,std,four,hardtop,rwd,rear,119.9,153.0,65.1,58.5,3748,l,eight,109,1bbl,3.64,2.66,10.9,157,6500,26,32,6665
534,-2,audi wagon,gas,std,four,hatchback,rwd,rear,101.4,178.7,74.1,59.6,3567,ohcf,five,159,2bbl,3.76,2.55,7.1,235,6500,29,34,28195
535,2,kia coupe,gas,turbo,two,hardtop,fwd,rear,91.4,187.6,69.5,58.3,2426,ohcf,six,277,2bbl,2.92,4.4,11.7,123,5500,28,33,39193
536,1,chevrolet hatchback,diesel,std,two,wagon,4wd,rear,93.1,191.3,68.9,48.8,3180,ohcf,three,306,2bbl,3.65,4.02,11.8,110,5500,25,35,15449
537,1,volkswagen hatchback,gas,turbo,two,hatchback,rwd,front,116.3,148.6,71.1,59.3,2121,ohcf,five,132,1bbl,3.64,2.03,7.6,127,6000,32,41,11724
538,-1,hyundai suv,gas,turbo,two,sedan,4wd,rear,115.8,206.5,60.6,58.1,2546,ohc,eight,298,idi,3.38,4.19,10.5,251,5500,36,46,24077
539,-2,volkswagen coupe,diesel,std,four,convertible,rwd,front,107.7,200.6,64.2,56.7,2629,dohc,eight,320,1bbl,3.13,4.09,11.9,69,4200,19,23,11627
540,-1,volkswagen wagon,gas,turbo,four,sedan,4wd,rear,105.1,198.6,65.6,54.2,4234,l,two,115,spdi,3.76,3.61,7.5,72,4200,34,44,20637
541,1,toyota suv,diesel,turbo,two,convertible,4wd,rear,108.7,141.8,68.5,48.3,2847,ohc,four,271,mpfi,3.59,4.12,8.3,257,6500,23,32,27547
542,0,hyundai sedan,diesel,turbo,four,hatchback,fwd,rear,111.2,192.7,71.7,50.1,3547,ohc,four,240,spdi,3.31,4.01,11.8,129,5000,23,29,11638
543,3,nissan suv,diesel,std,four,hatchback,rwd,rear,97.9,196.4,73.4,57.1,2190,dohc,two,117,2bbl,3.37,4.27,10.5,191,5000,35,39,41694
544,1,volkswagen sedan,gas,std,two,hardtop,4wd,rear,115.0,150.2,65.1,52.2,2044,l,two,210,spdi,3.36,2.21,12.0,161,4200,29,34,21115
545,3,ford sedan,diesel,std,two,hatchback,fwd,rear,108.0,155.1,60.2,50.9,1585,rotor,five,284,idi,3.33,4.5,8.0,95,6000,29,34,43069
546,3,ford suv,diesel,turbo,four,wagon,fwd,rear,104.4,145.4,70.4,51.9,4377,ohcf,six,125,mpfi,3.97,3.96,9.5,169,6000,24,33,25544
547,3,chevrolet coupe,gas,turbo,four,hardtop,fwd,rear,107.0,174.8,66.5,59.4,2201,ohc,six,289,spdi,3.48,4.24,9.4,228,4500,15,21,9179
548,-2,ford coupe,diesel,std,four,convertible,4wd,front,119.5,155.1,66.8,54.5,4263,dohc,four,179,spdi,3.7,3.27,9.0,244,6000,33,41,49651
549,-2,volkswagen sedan,diesel,std,two,hardtop,fwd,rear,110.8,191.3,63.7,55.2,2234,ohcf,two,313,mpfi,3.0,2.24,9.0,227,6500,30,38,30391
550,1,hyundai hatchback,diesel,std,two,wagon,rwd,front,110.0,201.5,67.5,50.2,3144,ohcf,three,239,mpfi,3.01,3.88,9.6,53,6000,37,46,8991
551,3,chevrolet sedan,gas,std,two,sedan,rwd,rear,96.4,196.0,68.5,52.5,1784,ohcf,three,315,2bbl,3.3,4.44,7.5,222,4500,29,32,44303
552,1,bmw coupe,gas,turbo,two,hardtop,fwd,front,113.4,161.8,64.4,52.2,2238,rotor,six,145,mpfi,3.25,3.51,12.0,283,5000,23,28,34797
553,1,honda coupe,gas,turbo,two,wagon,fwd,front,118.7,174.4,71.9,48.5,1740,l,eight,110,spdi,2.64,3.64,11.6,192,6000,33,42,39860
554,2,audi suv,diesel,std,four,hatchback,rwd,rear,99.7,166.4,67.4,53.9,2816,rotor,five,259,1bbl,3.25,3.97,8.4,223,6500,28,37,8612
555,-1,honda suv,gas,turbo,two,hardtop,fwd,front,118.9,166.9,65.3,54.5,4302,l,eight,320,spdi,3.77,3.27,10.4,59,4500,28,31,11465
556,-1,chevrolet sedan,gas,turbo,two,hardtop,4wd,front,87.5,166.7,73.5,49.4,2689,ohc,three,229,2bbl,3.98,4.07,8.9,262,5500,26,31,7933
557,2,audi coupe,diesel,turbo,four,hatchback,4wd,rear,99.9,140.7,72.4,52.5,2276,l,four,65,idi,2.56,3.92,7.6,224,4500,16,21,9621
558,-2,bmw wagon,gas,std,four,hatchback,4wd,rear,118.5,190.1,70.4,51.4,2673,dohc,six,193,mpfi,3.64,2.99,11.4,99,4200,32,36,41356
559,-1,bmw coupe,gas,turbo,four,sedan,fwd,front,87.3,167.2,61.3,56.3,1776,ohcf,five,249,idi,3.61,3.11,10.8,217,6000,39,49,17384
560,3,chevrolet sedan,gas,std,four,wagon,fwd,rear,101.7,203.1,60.8,52.6,2695,rotor,two,175,2bbl,3.44,2.84,10.6,54,5500,36,42,9547
561,2,kia suv,gas,std,four,sedan,fwd,front,99.9,177.4,69.3,50.0,2817,dohc,two,133,mpfi,3.53,2.01,7.0,62,5500,38,44,42155
562,3,toyota coupe,gas,std,four,hardtop,4wd,rear,95.6,183.1,66.7,57.0,4297,l,six,188,1bbl,3.97,3.59,9.4,278,4500,15,21,34767
563,-1,bmw suv,gas,turbo,four,hatchback,rwd,front,100.7,161.0,60.6,52.9,3717,ohcf,five,124,1bbl,2.81,3.01,11.4,165,6500,29,37,34642
564,1,chevrolet suv,diesel,turbo,two,hardtop,fwd,front,93.4,153.4,62.9,58.5,4200,rotor,four,297,spdi,3.79,3.98,8.9,126,4500,26,35,30744
565,-2,kia wagon,diesel,turbo,two,hatchback,fwd,rear,104.8,151.0,65.8,54.2,2238,l,two,165,idi,3.35,2.43,11.9,222,6000,16,26,15214
566,2,audi hatchback,diesel,turbo,four,hatchback,4wd,front,111.9,174.1,69.2,57.2,3673,ohc,eight,109,mpfi,2.63,2.02,11.3,61,5000,32,41,10894
567,-1,bmw hatchback,diesel,std,four,hardtop,rwd,rear,102.2,189.3,64.3,49.2,3801,ohcf,three,143,idi,2.68,4.28,9.0,191,6000,22,30,46201
568,3,audi sedan,gas,turbo,two,sedan,fwd,rear,102.1,173.4,71.5,55.0,2984,l,six,153,idi,3.84,4.43,11.7,193,5000,27,34,27267
569,-2,bmw hatchback,diesel,turbo,two,sedan,4wd,front,118.7,162.4,70.7,59.4,1840,dohc,six,313,mpfi,3.43,3.48,12.0,141,5000,14,22,17584
570,2,toyota wagon,diesel,std,two,hatchback,4wd,rear,94.9,209.7,65.1,51.3,4189,l,eight,101,1bbl,3.33,2.33,11.9,207,4200,28,35,42594
571,1,audi wagon,diesel,turbo,two,wagon,4wd,rear,97.4,196.2,72.8,57.4,3167,dohc,three,237,1bbl,3.33,3.22,8.3,281,5500,12,19,49027
572,2,honda sedan,gas,std,two,sedan,fwd,rear,88.2,180.0,63.6,49.0,1808,ohc,eight,66,1bbl,3.81,3.54,7.8,208,5500,14,22,46353
573,3,honda coupe,gas,std,two,hatchback,4wd,front,92.3,190.3,61.4,53.2,4308,ohcf,three,85,mpfi,3.08,3.56,8.0,257,4500,39,47,37460
574,1,ford coupe,gas,turbo,two,hardtop,fwd,front,92.0,153.8,62.2,54.5,2275,ohc,eight,98,2bbl,2.78,2.8,12.0,89,5500,31,36,46634
575,2,nissan coupe,diesel,std,four,wagon,rwd,front,104.0,185.8,74.5,51.0,2160,ohc,two,92,idi,3.02,3.83,10.1,257,5500,38,45,10239
576,-2,honda suv,diesel,std,four,wagon,rwd,rear,111.2,173.6,67.5,57.2,2783,rotor,eight,157,2bbl,3.38,2.11,8.8,167,5500,33,43,26257
577,1,hyundai wagon,gas,std,four,convertible,fwd,front,112.8,166.7,73.1,49.8,2997,ohc,five,148,2bbl,3.39,2.46,7.5,148,5500,37,46,14823
578,-1,toyota wagon,diesel,std,four,hardtop,rwd,front,92.5,182.5,67.5,53.2,2154,l,eight,90,1bbl,3.94,2.17,8.6,170,6000,20,28,23960
579,2,hyundai hatchback,diesel,turbo,two,wagon,4wd,front,97.5,161.7,69.3,55.3,3953,ohcf,six,204,1bbl,3.59,4.02,11.3,142,6000,16,22,36032
580,1,chevrolet wagon,gas,std,four,hatchback,rwd,rear,112.8,178.8,68.7,52.0,2296,ohcf,four,177,spdi,3.41,4.03,8.2,192,5500,14,17,6271
581,1,bmw coupe,diesel,std,four,convertible,4wd,rear,88.3,167.3,62.9,57.2,4415,ohcf,four,90,idi,2.87,3.58,8.6,259,6000,22,26,36624
582,0,chevrolet wagon,diesel,std,two,hardtop,4wd,front,96.1,144.2,73.3,54.3,3564,dohc,three,252,idi,3.55,4.13,8.5,100,4500,29,34,24405
583,3,nissan sedan,diesel,turbo,two,convertible,4wd,rear,104.9,181.6,71.4,49.3,2620,l,four,161,spdi,3.18,2.41,7.6,292,4200,12,15,13120
584,2,hyundai suv,gas,turbo,four,hardtop,fwd,rear,108.0,167.7,64.9,58.0,1641,dohc,four,80,spdi,2.58,3.79,7.7,64,4200,13,21,14169
585,2,bmw hatchback,gas,turbo,four,wagon,fwd,rear,97.7,144.9,66.0,48.7,3205,l,eight,139,spdi,3.73,4.04,9.2,77,5000,16,20,19902
586,3,kia sedan,gas,std,four,sedan,fwd,front,111.8,206.5,74.3,49.7,2808,dohc,five,262,mpfi,3.27,2.72,7.1,230,6500,19,22,32193
587,-2,audi coupe,gas,std,two,hardtop,rwd,front,97.9,145.6,73.2,54.1,2172,l,three,137,spdi,2.51,3.57,10.1,116,6000,29,33,29530
588,-1,audi coupe,diesel,turbo,two,wagon,rwd,rear,90.1,160.0,60.4,55.2,4168,rotor,five,164,2bbl,2.67,2.97,7.5,286,4500,28,37,18116
589,3,audi coupe,diesel,turbo,four,sedan,4wd,front,105.3,201.9,63.8,54.1,2769,ohc,three,152,1bbl,2.81,4.37,8.9,131,5500,36,43,30608
590,1,hyundai coupe,diesel,std,two,hardtop,fwd,front,115.0,183.3,72.9,59.4,1500,dohc,five,255,spdi,3.94,2.24,8.8,213,4500,31,36,32732
591,-2,ford wagon,gas,turbo,two,sedan,rwd,front,94.9,205.1,73.3,57.6,2338,ohc,eight,75,idi,2.76,2.28,10.6,164,6000,35,43,41532
592,-2,volkswagen wagon,gas,std,two,sedan,rwd,rear,87.0,174.8,72.5,52.9,1554,rotor,two,92,1bbl,3.56,3.8,8.0,116,4200,20,27,48990
593,-1,hyundai sedan,gas,turbo,four,hatchback,4wd,front,95.7,146.2,65.5,57.8,3730,ohcf,four,250,spdi,3.31,2.8,10.2,152,4500,20,26,43024
594,1,chevrolet suv,gas,turbo,four,wagon,rwd,front,106.5,201.9,65.0,52.3,3411,l,six,144,mpfi,3.02,4.3,11.9,85,6000,24,32,27390
595,2,bmw hatchback,diesel,std,four,sedan,4wd,front,103.7,180.3,63.8,54.6,2174,ohcf,eight,231,idi,2.68,3.83,11.0,188,5500,29,34,39283
596,-1,volkswagen suv,diesel,std,two,convertible,fwd,front,110.4,202.5,74.5,57.6,3528,ohcf,two,216,2bbl,3.63,2.76,8.0,211,4200,33,42,17517
597,-2,ford sedan,gas,std,two,sedan,rwd,rear,118.3,169.5,65.4,52.8,4358,rotor,four,235,idi,3.06,2.76,10.1,283,5500,12,15,46629
598,3,hyundai sedan,diesel,turbo,four,sedan,rwd,rear,115.3,166.9,68.1,49.2,4320,rotor,six,239,idi,3.99,2.95,11.8,242,4200,31,34,36121
599,-2,audi sedan,diesel,turbo,four,hatchback,4wd,rear,87.2,161.7,71.7,58.3,2387,rotor,five,108,mpfi,3.53,3.48,10.4,55,6000,20,24,34126
600,1,ford coupe,diesel,std,four,hardtop,fwd,rear,91.9,171.6,72.8,48.5,3962,dohc,five,116,2bbl,3.95,2.19,9.4,111,4200,14,19,30382
601,1,toyota suv,gas,std,four,hardtop,rwd,front,110.3,196.6,74.2,49.4,2173,ohcf,three,72,idi,3.24,3.99,9.1,229,6000,36,41,29136
602,1,hyundai sedan,diesel,turbo,four,sedan,fwd,front,94.9,206.4,65.4,52.8,2496,ohcf,two,72,2bbl,2.63,2.47,8.0,216,6000,32,36,29465
603,1,honda hatchback,diesel,std,two,hatchback,fwd,front,96.2,192.3,65.9,52.5,3589,ohc,two,196,spdi,3.3,2.76,11.1,129,4500,29,36,36482
604,-1,hyundai wagon,diesel,std,two,hatchback,rwd,front,91.0,148.9,67.6,58.3,1778,l,six,97,spdi,2.75,3.57,9.1,208,5000,37,43,19768
605,1,toyota wagon,gas,turbo,four,sedan,fwd,rear,99.3,182.5,73.0,57.0,2021,l,six,320,idi,3.47,3.89,7.8,201,6000,38,45,23849
606,1,volkswagen sedan,diesel,std,two,hatchback,4wd,front,98.6,167.5,67.0,57.7,2898,dohc,six,227,1bbl,3.78,3.17,9.4,241,6500,27,31,43637
607,1,chevrolet sedan,diesel,turbo,two,wagon,4wd,rear,117.8,201.2,68.9,50.7,2827,ohcf,six,157,1bbl,3.96,2.48,8.7,221,5500,34,39,23253
608,3,audi coupe,gas,turbo,two,wagon,4wd,rear,93.0,172.4,67.8,49.4,4460,dohc,eight,186,2bbl,3.4,3.58,8.7,275,6500,20,29,37568
609,1,hyundai suv,diesel,turbo,two,wagon,4wd,front,94.6,207.7,72.2,59.8,1513,ohc,three,190,idi,3.18,4.48,9.9,118,6000,23,29,42188
610,0,toyota wagon,diesel,std,four,convertible,rwd,rear,90.1,152.7,65.4,57.6,1723,ohc,two,202,mpfi,3.32,2.67,10.9,284,6500,25,31,32739
611,3,volkswagen sedan,gas,std,four,hardtop,4wd,rear,95.7,156.8,63.3,55.2,2592,rotor,four,181,2bbl,2.53,3.46,10.8,91,5500,18,21,18313
612,-1,honda coupe,diesel,turbo,two,sedan,fwd,rear,93.5,172.2,62.5,50.1,2402,dohc,two,61,2bbl,3.51,3.09,11.3,265,5500,29,32,34239
613,-2,honda wagon,diesel,turbo,two,convertible,4wd,rear,86.8,193.6,63.1,56.1,3288,rotor,four,224,mpfi,3.25,3.54,11.2,203,4500,18,24,29442
614,2,nissan hatchback,diesel,std,two,wagon,rwd,rear,95.3,190.0,73.5,52.6,3423,ohc,eight,184,mpfi,3.18,4.0,8.9,136,5000,16,20,29967
615,1,hyundai wagon,gas,turbo,four,wagon,fwd,rear,98.5,209.8,67.2,50.0,3898,rotor,six,160,mpfi,3.97,2.91,10.8,71,6500,12,22,15404
616,0,honda coupe,diesel,turbo,two,wagon,fwd,rear,95.5,204.1,63.4,51.7,3632,ohc,three,107,spdi,2.58,3.64,10.9,292,6500,14,17,16530
617,1,bmw hatchback,gas,std,two,sedan,fwd,rear,113.8,152.5,61.9,53.6,3011,ohcf,three,155,2bbl,3.68,2.81,7.9,117,6000,21,31,6357
618,1,bmw hatchback,gas,turbo,two,hatchback,fwd,rear,105.5,159.5,63.7,50.1,1950,ohcf,three,81,mpfi,3.97,2.34,8.4,183,5500,28,31,49402
619,2,kia wagon,diesel,turbo,four,wagon,4wd,rear,91.7,200.1,61.9,48.4,1800,rotor,four,212,mpfi,3.41,3.03,8.9,143,4200,36,45,25614
620,-2,audi wagon,gas,turbo,two,wagon,rwd,front,90.8,203.0,73.6,51.0,3135,l,eight,298,1bbl,3.82,3.16,9.1,61,4500,27,33,14537
621,0,chevrolet sedan,diesel,turbo,four,convertible,fwd,rear,98.1,175.9,67.2,59.2,3463,ohc,four,229,2bbl,2.97,3.27,7.1,73,4500,40,44,41804
622,-2,kia hatchback,diesel,std,four,convertible,rwd,rear,97.8,162.9,65.5,57.6,3898,ohc,five,309,idi,3.65,2.09,10.9,234,6500,20,23,42116
623,-1,nissan suv,diesel,turbo,two,hatchback,fwd,front,107.0,159.3,63.3,48.5,1549,ohcf,three,274,spdi,2.79,4.0,11.4,157,6000,28,32,42236
624,-2,honda hatchback,gas,turbo,four,sedan,fwd,rear,117.1,151.6,70.1,49.4,4241,l,four,250,idi,3.93,2.65,9.8,275,6500,20,26,26666
625,2,bmw coupe,diesel,std,two,sedan,rwd,rear,95.3,205.8,64.5,59.7,3157,ohc,six,213,1bbl,2.66,2.37,8.1,248,4500,32,40,21301
626,-2,kia coupe,diesel,turbo,four,convertible,4wd,rear,96.2,157.0,69.3,59.4,4215,ohc,four,89,idi,3.11,3.08,9.1,298,4200,26,31,26874
627,0,audi wagon,diesel,turbo,two,convertible,rwd,front,95.7,182.7,62.5,49.9,2839,rotor,five,102,mpfi,2.62,3.99,7.0,186,5500,23,27,37286
628,3,bmw sedan,gas,turbo,two,sedan,fwd,rear,119.4,165.7,70.3,57.9,2963,rotor,two,80,2bbl,3.84,2.83,7.2,197,4200,40,44,7589
629,-1,bmw wagon,diesel,std,four,hardtop,rwd,front,114.3,159.9,61.0,55.3,2564,ohcf,eight,109,idi,3.41,3.72,7.2,266,5000,31,34,48582
630,1,chevrolet coupe,diesel,turbo,four,convertible,fwd,rear,108.7,154.7,66.9,56.4,1650,ohc,two,120,2bbl,2.66,3.12,7.7,66,5000,17,27,26805
631,2,audi wagon,diesel,turbo,two,hardtop,4wd,rear,117.9,154.7,67.1,48.4,2141,l,three,236,mpfi,2.57,4.1,11.0,147,4500,34,42,37611
632,3,chevrolet wagon,gas,turbo,four,wagon,4wd,front,86.3,194.8,74.3,53.0,3494,dohc,three,81,2bbl,2.86,3.51,11.8,280,4500,26,35,16830
633,-2,chevrolet suv,diesel,turbo,two,sedan,rwd,front,93.2,163.3,69.9,56.8,3568,dohc,six,260,spdi,3.99,3.53,10.1,159,6500,25,28,7583
634,2,hyundai sedan,diesel,turbo,two,convertible,4wd,front,102.1,201.5,73.9,59.0,3993,rotor,three,221,spdi,2.83,2.66,11.5,266,4200,26,33,20038
635,1,ford sedan,gas,std,two,convertible,fwd,rear,86.1,143.3,61.1,57.6,3692,rotor,five,68,spdi,3.8,3.83,10.8,249,5000,33,40,44337
636,1,volkswagen hatchback,diesel,std,two,convertible,4wd,rear,92.0,185.9,60.2,53.2,2846,ohcf,five,70,mpfi,2.69,3.87,8.3,216,5000,33,36,49027
637,-1,nissan hatchback,gas,turbo,two,wagon,rwd,front,88.6,150.9,61.8,59.2,2481,ohc,four,151,mpfi,3.65,2.84,9.5,261,6000,20,29,35493
638,1,volkswagen suv,gas,turbo,two,wagon,fwd,rear,113.4,178.2,63.8,48.2,4040,ohc,two,143,2bbl,3.01,3.31,10.4,97,5500,28,32,46390
639,0,nissan wagon,gas,turbo,two,hatchback,fwd,rear,112.3,192.3,61.0,59.9,2428,l,six,294,idi,2.98,2.92,11.5,57,5500,23,26,17326
640,-2,chevrolet suv,diesel,std,four,convertible,fwd,front,114.7,181.6,68.4,49.4,2056,l,five,234,mpfi,3.44,2.08,11.2,129,4500,12,20,25451
641,0,toyota sedan,gas,turbo,two,wagon,rwd,front,95.5,199.5,74.7,59.7,2990,ohc,five,217,1bbl,3.11,2.07,8.4,95,6500,29,38,11099
642,2,volkswagen coupe,gas,turbo,two,sedan,rwd,rear,96.8,148.7,68.6,55.0,1822,ohcf,two,201,1bbl,3.76,3.38,9.7,267,4200,39,44,40975
643,2,ford sedan,diesel,std,four,convertible,fwd,rear,95.1,143.6,61.0,59.4,3909,ohc,two,304,mpfi,3.2,2.9,9.7,115,4500,30,37,43722
644,-2,chevrolet hatchback,gas,std,two,convertible,fwd,front,91.8,207.0,73.0,54.1,3170,ohc,eight,199,spdi,3.69,3.94,7.9,188,4500,29,35,8890
645,2,nissan hatchback,diesel,turbo,two,convertible,4wd,rear,117.0,160.1,63.7,58.3,2010,l,four,314,mpfi,3.97,3.01,8.0,112,6500,25,31,13401
646,3,volkswagen sedan,gas,std,two,hatchback,fwd,front,110.9,187.9,62.0,50.6,1961,rotor,two,167,mpfi,3.74,2.03,7.5,100,5500,30,35,14462
647,0,chevrolet wagon,diesel,turbo,four,hatchback,4wd,front,93.0,164.7,73.0,58.3,4212,ohcf,five,310,1bbl,3.16,2.63,9.2,88,4200,16,20,8905
648,2,ford hatchback,diesel,std,four,hatchback,rwd,rear,92.0,193.8,67.1,57.2,1767,rotor,five,238,1bbl,3.47,3.12,10.4,118,5500,35,45,30598
649,1,audi wagon,gas,std,two,convertible,rwd,front,119.5,178.6,69.6,49.7,2596,dohc,six,190,mpfi,2.91,3.65,11.0,239,5500,20,25,6330
650,-1,ford suv,gas,std,four,hardtop,fwd,front,118.6,162.9,70.3,54.6,3826,dohc,two,306,2bbl,2.78,3.83,10.6,156,5000,14,18,22821
651,3,nissan coupe,diesel,std,four,convertible,4wd,front,116.3,162.7,72.9,52.3,2487,rotor,four,312,2bbl,3.15,3.41,10.4,74,6000,30,36,13978
652,-2,audi wagon,diesel,std,two,hardtop,rwd,front,93.5,155.0,65.6,48.4,1547,rotor,five,121,1bbl,3.46,4.22,11.5,71,5000,19,28,20512
653,-2,ford coupe,gas,std,four,wagon,4wd,front,108.3,188.7,60.1,58.1,2386,l,four,111,mpfi,3.26,2.57,9.9,48,5500,31,35,27869
654,2,bmw sedan,gas,std,four,hatchback,fwd,front,94.0,143.2,62.7,57.9,2309,ohcf,four,295,mpfi,3.49,2.56,7.7,78,6500,23,33,18380
655,3,nissan hatchback,gas,std,four,convertible,fwd,front,98.7,177.3,70.3,58.7,1944,ohc,three,168,mpfi,2.73,2.27,8.1,256,4500,23,30,22441
656,1,bmw coupe,gas,turbo,four,hatchback,4wd,rear,95.5,158.2,63.2,56.8,1582,ohcf,five,211,idi,3.66,3.16,7.5,196,4200,34,42,13308
657,-1,kia sedan,diesel,turbo,two,sedan,4wd,front,104.3,156.2,61.9,58.9,3582,rotor,six,97,2bbl,3.31,2.21,9.6,71,5000,40,43,22114
658,-1,toyota wagon,diesel,std,two,hatchback,4wd,front,103.6,183.7,61.1,56.7,3739,ohc,eight,224,idi,2.75,2.69,11.2,55,4200,22,27,5755
659,3,toyota sedan,gas,turbo,two,hardtop,fwd,front,109.4,173.7,72.1,53.3,3707,dohc,two,73,2bbl,3.98,2.78,10.4,251,6000,36,39,47310
660,0,bmw sedan,gas,turbo,four,convertible,4wd,front,91.1,197.7,64.3,55.5,1673,dohc,five,300,mpfi,3.26,3.17,7.2,60,4200,21,28,48387
661,1,chevrolet suv,gas,turbo,four,hardtop,fwd,rear,98.8,148.6,66.2,57.6,3595,ohcf,four,249,mpfi,3.05,4.05,10.9,144,6500,20,26,7744
662,3,hyundai sedan,diesel,std,two,convertible,4wd,rear,107.0,195.1,60.3,55.5,4106,rotor,three,124,mpfi,2.59,4.0,11.6,269,5500,29,32,21568
663,2,kia sedan,diesel,turbo,two,hardtop,rwd,rear,115.9,157.4,62.9,56.6,2268,rotor,eight,92,idi,2.9,2.39,7.3,226,5500,38,42,45571
664,3,bmw coupe,diesel,turbo,four,hatchback,fwd,front,115.9,193.0,62.0,56.7,3664,l,three,113,1bbl,3.94,2.63,9.3,58,5500,33,40,24111
665,-1,chevrolet suv,diesel,std,two,convertible,fwd,rear,97.6,187.8,64.4,59.5,4486,ohc,eight,103,idi,3.07,3.03,8.4,122,6000,32,41,42729
666,-1,honda suv,gas,std,four,wagon,4wd,front,101.8,198.2,60.9,56.3,1653,dohc,eight,89,1bbl,2.86,4.29,8.0,243,5000,38,41,17735
667,2,chevrolet sedan,diesel,std,two,sedan,fwd,front,110.2,171.8,67.0,58.5,2006,rotor,two,161,2bbl,3.39,3.58,8.0,103,4500,38,45,31541
668,-1,toyota wagon,gas,std,two,hardtop,4wd,rear,111.8,162.9,65.8,53.5,3550,l,six,64,mpfi,3.87,2.52,7.1,255,4200,32,40,43410
669,1,honda coupe,gas,std,two,convertible,rwd,rear,107.7,174.8,70.9,57.9,3941,ohc,eight,272,mpfi,3.82,3.7,9.0,204,5000,15,23,13776
670,-2,ford coupe,gas,std,four,sedan,4wd,rear,93.7,167.8,67.2,58.1,3902,ohcf,five,159,2bbl,3.72,2.39,8.1,202,6000,40,43,14691
671,1,ford suv,diesel,turbo,two,sedan,rwd,front,109.6,200.0,64.4,54.2,3168,ohc,four,70,1bbl,2.86,4.34,9.1,295,6500,14,20,8038
672,-2,bmw wagon,gas,std,two,sedan,4wd,front,98.3,167.8,69.1,57.8,1611,l,three,293,mpfi,2.98,3.86,7.5,92,4500,28,32,21647
673,0,toyota wagon,gas,turbo,two,convertible,4wd,rear,100.4,179.3,73.5,55.5,3648,dohc,four,80,mpfi,2.86,4.24,7.0,183,5500,40,48,17718
674,-1,hyundai coupe,gas,turbo,two,hatchback,fwd,rear,106.9,148.7,61.5,52.4,4330,ohc,six,84,spdi,3.05,3.41,10.5,253,5000,22,29,23727
675,-2,hyundai suv,gas,turbo,four,hardtop,4wd,rear,115.6,186.0,72.5,55.7,3958,l,two,211,2bbl,3.3,2.92,8.9,291,6000,30,35,21266
676,2,honda suv,gas,turbo,two,hatchback,fwd,front,92.3,194.6,72.3,51.5,2078,l,five,88,idi,3.43,2.06,9.8,87,5500,16,24,46958
677,1,toyota wagon,gas,std,four,hardtop,4wd,front,103.7,155.4,70.1,55.2,2981,ohcf,six,130,spdi,3.64,4.09,11.9,259,4200,15,25,27589
678,-1,volkswagen coupe,diesel,turbo,two,hardtop,fwd,rear,106.1,165.1,70.1,53.2,2589,ohc,six,255,spdi,3.07,3.02,7.4,260,4500,25,29,5978
679,1,honda hatchback,gas,turbo,four,sedan,rwd,front,112.4,167.9,62.2,55.1,2772,rotor,four,80,mpfi,3.75,2.41,10.8,48,4200,29,39,48759
680,2,nissan wagon,gas,std,two,convertible,4wd,front,88.6,186.8,72.2,52.0,1604,ohc,two,252,spdi,2.58,3.62,7.4,209,6000,39,48,9794
681,-2,hyundai wagon,gas,std,four,convertible,4wd,front,87.7,165.8,69.6,51.2,3528,l,five,204,idi,2.74,3.79,9.2,83,6500,39,47,31425
682,3,bmw coupe,gas,turbo,two,hardtop,fwd,rear,110.6,197.8,73.8,59.1,2159,rotor,eight,94,1bbl,2.53,4.34,10.4,115,4200,36,45,17797
683,1,audi sedan,gas,turbo,four,hatchback,fwd,rear,117.1,168.1,67.0,59.1,3401,ohc,three,144,mpfi,2.62,2.41,8.9,104,5500,18,24,20595
684,-1,hyundai wagon,diesel,turbo,two,hatchback,fwd,rear,88.5,186.8,64.5,51.2,1701,ohcf,six,225,mpfi,2.71,2.99,9.6,297,4200,38,46,33256
685,-2,audi wagon,gas,turbo,two,convertible,rwd,front,117.5,203.4,71.1,54.0,3602,ohcf,three,98,mpfi,3.75,3.6,11.4,276,6000,20,27,40143
686,-2,audi suv,diesel,std,four,convertible,4wd,rear,94.0,169.8,72.4,58.5,3709,ohcf,two,150,spdi,3.52,2.8,7.1,106,6000,38,43,34467
687,1,volkswagen coupe,diesel,turbo,two,convertible,rwd,front,99.7,205.7,63.5,52.9,2100,ohc,four,61,idi,3.31,2.21,11.2,94,4500,35,38,46233
688,3,bmw sedan,diesel,turbo,two,wagon,4wd,rear,117.9,188.1,66.1,49.8,1798,rotor,eight,149,mpfi,3.97,2.35,9.8,296,5500,23,31,43939
689,-1,nissan coupe,diesel,std,two,hatchback,fwd,rear,113.1,206.6,70.4,50.8,3721,l,eight,188,spdi,3.95,3.62,8.5,203,5000,13,20,44959
690,3,honda suv,diesel,turbo,four,sedan,4wd,rear,89.1,204.7,63.5,54.5,3333,l,five,160,spdi,3.65,3.64,7.1,205,5500,28,32,23015
691,2,honda wagon,diesel,turbo,four,hardtop,fwd,rear,103.2,190.3,62.3,58.0,2811,rotor,six,160,idi,3.99,2.1,10.2,129,6500,24,28,39366
692,3,bmw hatchback,diesel,std,four,sedan,4wd,rear,111.7,167.3,70.9,52.0,3370,rotor,two,75,mpfi,2.75,4.25,7.9,239,5000,12,21,29545
693,-1,kia wagon,diesel,turbo,two,hatchback,rwd,rear,92.3,157.3,74.3,56.2,3859,dohc,five,173,2bbl,3.32,4.25,9.9,74,5000,20,27,31535
694,-2,chevrolet hatchback,diesel,turbo,two,wagon,rwd,front,118.9,152.0,74.2,50.7,4345,ohcf,four,249,mpfi,2.84,4.48,9.5,191,6500,17,24,30638
695,-2,hyundai coupe,diesel,turbo,four,sedan,4wd,rear,111.7,194.1,64.3,51.1,1531,ohcf,four,121,spdi,3.74,2.19,11.2,281,5500,23,31,44256
696,-2,audi coupe,diesel,std,four,sedan,fwd,rear,93.1,161.5,64.9,53.4,2838,dohc,three,114,2bbl,3.59,2.92,11.4,257,5500,27,32,36185
697,-1,nissan wagon,diesel,std,two,hardtop,rwd,front,109.7,185.0,61.6,59.4,1856,ohc,four,150,idi,3.07,3.32,12.0,226,6000,35,39,39322
698,2,bmw wagon,gas,turbo,four,hatchback,fwd,rear,99.7,202.3,74.0,54.7,3253,l,two,226,spdi,3.26,3.98,9.2,161,5000,27,30,24572
699,-1,hyundai suv,diesel,turbo,four,hardtop,rwd,rear,113.1,162.2,70.7,55.4,2228,rotor,three,215,spdi,3.87,4.42,11.1,157,5000,39,44,6664
700,-2,toyota hatchback,diesel,turbo,two,hardtop,4wd,front,88.5,156.5,69.6,57.9,1974,dohc,four,95,2bbl,2.51,2.85,7.2,100,6500,16,19,46484
701,3,honda suv,diesel,turbo,four,convertible,4wd,rear,90.9,207.4,70.4,59.2,3232,l,eight,285,1bbl,3.46,2.37,7.0,141,6000,25,30,15990
702,-1,honda coupe,gas,std,two,hatchback,fwd,front,90.3,182.5,73.2,55.7,4067,dohc,six,107,mpfi,3.07,2.02,7.4,110,5500,23,30,22196
703,-1,kia wagon,diesel,std,two,convertible,rwd,front,108.6,152.4,62.7,52.2,3401,dohc,four,245,spdi,3.44,3.21,8.9,268,6000,27,32,7142
704,2,honda coupe,diesel,turbo,two,sedan,rwd,front,104.7,152.7,66.6,49.5,3420,ohcf,two,294,2bbl,2.8,3.97,10.6,285,6000,22,27,47952
705,-2,chevrolet hatchback,gas,std,two,convertible,fwd,front,110.9,196.0,69.9,55.0,4122,dohc,three,133,2bbl,3.85,2.81,8.8,294,4500,30,35,42853
706,0,kia suv,diesel,turbo,two,convertible,4wd,rear,111.1,201.8,63.3,57.7,2687,ohcf,two,230,1bbl,3.8,3.44,11.8,175,6000,39,45,12633
707,2,volkswagen wagon,gas,std,two,convertible,fwd,front,87.9,157.3,73.5,53.6,3658,l,eight,117,2bbl,3.24,4.24,8.6,196,6000,17,27,39009
708,-1,toyota sedan,gas,turbo,four,sedan,4wd,front,91.9,201.8,64.0,54.7,3984,l,six,317,spdi,3.8,3.1,10.4,225,6500,19,24,29392
709,-1,audi coupe,diesel,std,two,hatchback,fwd,rear,119.3,156.5,65.8,49.0,3845,rotor,four,116,idi,2.6,4.09,7.8,101,6500,33,41,42389
710,-2,bmw coupe,gas,turbo,two,sedan,rwd,front,102.3,185.8,71.0,50.3,4007,ohcf,two,272,idi,2.62,3.72,9.5,203,4200,40,44,14514
711,3,bmw hatchback,gas,std,two,sedan,4wd,rear,99.9,192.7,62.1,49.4,4258,ohc,two,117,idi,3.1,2.32,7.9,78,6000,24,27,7091
712,3,chevrolet coupe,diesel,std,two,hardtop,4wd,front,87.3,180.0,66.5,52.0,3696,ohc,eight,151,idi,3.48,3.66,8.5,181,4200,26,31,14806
713,-1,honda sedan,diesel,std,four,hardtop,fwd,rear,115.2,180.4,64.9,49.6,3942,dohc,five,125,mpfi,3.76,3.48,10.5,141,5000,36,43,29936
714,3,toyota hatchback,diesel,std,four,sedan,fwd,front,118.9,148.3,64.1,53.1,2970,rotor,four,247,idi,2.96,4.31,8.1,54,5000,38,42,9911
715,-2,bmw wagon,gas,turbo,two,wagon,4wd,front,102.3,179.0,64.2,50.0,4037,ohc,five,103,idi,3.14,3.48,9.1,81,4500,40,45,23441
716,0,chevrolet suv,gas,std,two,wagon,fwd,front,88.0,141.2,65.4,58.9,3533,rotor,eight,291,1bbl,3.13,3.97,10.1,142,5500,28,32,43674
717,0,ford wagon,gas,std,four,convertible,fwd,front,114.5,157.6,66.5,49.3,3773,ohc,two,122,mpfi,2.81,4.02,10.7,153,6000,33,41,20063
718,1,ford sedan,diesel,std,four,hardtop,fwd,front,103.6,196.9,70.1,53.4,2106,rotor,two,115,1bbl,3.56,3.16,8.0,58,5500,15,25,34685
719,-2,hyundai hatchback,diesel,std,two,wagon,rwd,rear,102.7,154.0,66.0,49.4,2305,ohc,two,282,2bbl,3.02,4.15,10.4,162,5500,15,21,33146
720,1,toyota hatchback,gas,std,four,hatchback,4wd,front,106.6,151.0,72.1,59.3,2541,l,five,283,2bbl,2.62,3.46,9.6,260,4500,31,38,36129
721,-2,ford wagon,diesel,turbo,two,wagon,rwd,front,111.7,195.7,60.8,55.1,4230,l,two,189,mpfi,2.53,3.64,9.9,187,6000,12,15,9452
722,2,toyota suv,gas,std,four,hatchback,fwd,rear,106.8,175.1,72.1,51.6,3949,l,five,312,2bbl,3.47,2.5,10.0,223,4200,38,45,32169
723,-2,nissan wagon,gas,std,two,convertible,rwd,front,102.5,180.0,63.7,58.0,2820,l,three,167,spdi,3.5,3.49,9.9,281,4200,24,31,45012
724,-2,ford hatchback,diesel,std,two,hatchback,rwd,front,103.5,197.4,68.1,50.1,1864,l,two,141,mpfi,3.45,3.65,8.3,265,6000,26,29,10484
725,3,volkswagen coupe,diesel,std,two,sedan,rwd,front,110.9,177.6,69.4,59.6,4209,rotor,two,96,spdi,3.89,4.24,8.5,83,4500,19,27,12880
726,2,kia hatchback,diesel,turbo,four,sedan,4wd,front,88.1,141.8,68.1,53.0,2811,l,eight,107,2bbl,3.76,2.95,7.4,200,5500,26,34,10996
727,-1,kia wagon,diesel,std,four,hardtop,4wd,front,101.8,192.7,68.7,60.0,3454,ohc,four,82,spdi,3.03,3.78,8.3,250,4200,36,40,43074
728,0,nissan sedan,diesel,std,two,convertible,rwd,front,97.3,166.4,61.6,59.2,3879,l,three,209,mpfi,3.83,4.32,10.5,120,6000,25,29,29662
729,3,ford coupe,diesel,std,four,convertible,4wd,rear,91.2,171.1,62.3,52.1,3080,ohcf,three,242,spdi,3.64,4.06,9.0,186,6000,24,30,13195
730,0,kia wagon,gas,std,four,hatchback,rwd,rear,102.3,209.3,71.3,53.3,3858,ohc,five,71,spdi,3.75,2.22,7.4,260,4200,12,18,43436
731,0,volkswagen hatchback,gas,turbo,two,hatchback,fwd,rear,110.5,202.6,65.1,59.8,1679,dohc,four,108,idi,3.0,4.08,7.1,90,5000,40,46,23246
732,1,bmw suv,gas,std,four,wagon,4wd,front,115.7,188.8,64.1,57.5,3205,l,two,300,idi,3.84,4.33,7.3,180,4500,36,43,21953
733,2,kia sedan,diesel,turbo,two,sedan,rwd,front,101.1,169.0,72.7,49.3,2427,dohc,six,154,idi,3.44,4.37,9.7,205,6500,31,34,40284
734,3,volkswagen wagon,diesel,turbo,four,hardtop,rwd,front,97.1,181.2,74.7,57.6,1701,ohc,two,129,spdi,3.52,2.15,10.4,170,5000,31,37,21147
735,3,toyota suv,gas,std,four,sedan,rwd,front,93.7,181.7,71.3,54.7,3117,ohcf,five,220,2bbl,3.12,3.77,7.6,179,6000,34,43,22033
736,2,toyota wagon,diesel,std,two,sedan,4wd,rear,113.4,160.9,74.6,51.0,1692,dohc,five,252,1bbl,3.68,3.85,9.8,159,5500,22,30,37604
737,0,nissan suv,gas,std,four,wagon,rwd,rear,102.7,171.0,68.1,48.4,3345,dohc,four,173,2bbl,3.67,4.01,7.1,81,4500,25,28,29217
738,1,bmw hatchback,diesel,turbo,four,sedan,fwd,rear,107.5,182.3,65.2,59.1,1537,l,three,155,mpfi,2.76,2.74,11.8,252,5500,20,29,33061
739,3,hyundai suv,diesel,std,four,hardtop,fwd,rear,86.9,145.5,64.2,59.8,1878,dohc,six,188,spdi,3.7,3.6,12.0,49,6000,40,50,5983
740,2,kia wagon,diesel,turbo,two,hatchback,fwd,front,105.6,201.8,65.4,59.2,1555,dohc,five,129,idi,3.69,4.13,10.2,156,4200,15,25,14651
741,-1,toyota hatchback,diesel,std,four,wagon,fwd,rear,97.8,181.2,65.8,57.0,1696,l,six,239,2bbl,3.05,2.66,9.6,127,4500,35,39,13087
742,2,chevrolet suv,diesel,turbo,two,sedan,4wd,rear,94.7,185.7,64.3,53.6,2096,ohcf,two,117,2bbl,3.92,2.39,10.6,162,5000,33,39,40210
743,3,volkswagen sedan,diesel,turbo,four,hatchback,fwd,rear,107.9,187.5,62.5,50.0,2284,rotor,six,254,2bbl,3.73,4.24,8.8,51,6500,31,41,40579
744,2,nissan hatchback,gas,turbo,four,hatchback,fwd,rear,106.7,195.5,63.4,56.6,3560,ohcf,four,177,1bbl,3.77,4.2,7.1,267,6500,13,17,46574
745,2,honda wagon,diesel,turbo,four,hardtop,fwd,rear,97.7,152.1,63.8,59.0,2972,dohc,four,278,mpfi,3.74,2.53,9.7,140,6500,35,39,9322
746,1,kia sedan,gas,turbo,two,hardtop,fwd,front,104.2,207.2,67.7,51.1,3707,l,six,277,spdi,3.29,3.94,11.4,243,6500,27,33,44246
747,0,hyundai coupe,gas,turbo,two,wagon,rwd,front,94.6,156.3,72.2,58.3,3950,rotor,eight,255,1bbl,2.76,2.33,8.0,190,6500,13,20,19836
748,-1,kia hatchback,gas,std,two,sedan,4wd,rear,87.0,204.4,62.4,58.6,2360,ohcf,six,85,spdi,3.34,2.53,7.7,59,4200,30,40,5976
749,-1,toyota sedan,gas,turbo,four,convertible,rwd,front,87.5,142.1,72.6,55.2,3786,l,eight,257,mpfi,2.52,2.21,8.5,143,5500,17,23,11090
750,3,audi coupe,diesel,turbo,two,sedan,4wd,front,112.7,159.3,71.7,57.2,3754,ohcf,three,221,1bbl,3.11,4.46,8.6,221,4200,21,24,7285
751,3,toyota wagon,diesel,std,two,wagon,rwd,rear,118.4,181.2,66.6,48.9,1580,ohc,five,281,idi,3.13,2.23,7.1,213,5500,12,18,29311
752,3,honda hatchback,diesel,std,four,hardtop,rwd,front,99.6,197.3,73.7,51.2,4033,l,two,67,1bbl,3.66,3.9,9.1,188,4500,21,25,24280
753,1,kia coupe,diesel,std,four,hardtop,rwd,front,104.0,177.8,68.4,54.2,4102,rotor,two,301,spdi,3.99,3.65,9.4,205,4200,29,34,28860
754,2,nissan hatchback,diesel,turbo,two,hardtop,rwd,rear,86.8,181.6,61.9,59.3,2043,l,eight,243,idi,3.77,3.58,9.9,260,4500,12,20,29912
755,-2,kia sedan,diesel,std,two,convertible,rwd,rear,103.4,208.0,61.8,53.8,2691,ohc,eight,130,idi,2.95,3.51,10.9,72,6000,12,19,49104
756,0,honda coupe,diesel,std,four,wagon,fwd,front,90.8,206.0,65.0,55.1,3340,ohc,eight,195,1bbl,2.9,2.33,11.1,136,6500,37,42,24244
757,-2,chevrolet wagon,gas,std,two,hatchback,rwd,rear,114.2,189.7,60.3,56.8,1759,l,three,235,idi,2.91,2.13,7.9,259,4500,23,33,23248
758,-1,kia hatchback,diesel,turbo,two,sedan,fwd,rear,103.7,206.2,72.3,50.2,4321,dohc,eight,291,2bbl,2.64,4.48,7.4,289,6000,39,49,29454
759,-2,toyota suv,gas,std,two,hardtop,rwd,front,106.8,199.1,73.3,49.3,4190,ohc,four,155,idi,2.62,4.2,10.7,106,5500,12,22,8489
760,-1,toyota sedan,diesel,std,four,hardtop,rwd,front,86.2,173.9,73.6,58.0,4177,ohc,six,219,spdi,3.57,3.75,8.1,213,4500,38,43,42190
761,1,volkswagen coupe,gas,turbo,four,hatchback,4wd,rear,95.5,173.1,61.7,58.0,1860,rotor,eight,132,idi,2.8,2.78,9.7,102,6500,28,38,9634
762,0,toyota hatchback,diesel,turbo,two,hatchback,fwd,rear,116.3,154.9,73.2,57.5,2974,l,four,183,1bbl,3.81,2.38,9.6,151,5000,13,20,40761
763,3,nissan wagon,gas,std,four,wagon,4wd,front,104.6,207.7,64.8,50.7,4083,dohc,five,130,spdi,2.57,2.83,9.2,161,5000,25,28,8284
764,1,volkswagen suv,diesel,std,four,convertible,fwd,front,105.2,191.0,60.1,48.4,2865,dohc,two,81,idi,3.44,2.77,7.1,201,4200,24,32,20307
765,-2,hyundai coupe,diesel,std,two,hatchback,rwd,rear,109.9,171.2,65.8,56.2,2225,ohcf,eight,72,idi,3.58,2.93,8.2,257,5000,15,19,10449
766,-2,honda hatchback,gas,turbo,four,hardtop,rwd,front,86.4,200.2,71.4,56.4,1707,ohc,four,116,1bbl,2.82,3.8,7.9,272,5000,33,38,47904
767,1,volkswagen suv,gas,turbo,four,sedan,rwd,front,112.0,189.3,72.7,53.6,3755,ohc,four,247,mpfi,3.87,3.67,11.1,60,4200,33,40,30734
768,0,toyota hatchback,gas,std,four,wagon,fwd,front,115.9,170.0,67.6,56.4,2664,ohc,two,213,spdi,3.86,4.39,12.0,134,6000,21,27,45409
769,2,chevrolet suv,gas,turbo,four,hatchback,fwd,rear,99.2,142.3,66.1,53.8,3865,ohc,eight,69,idi,3.36,4.36,11.5,188,4200,40,45,9829
770,3,hyundai wagon,diesel,std,two,convertible,4wd,rear,109.6,148.8,73.3,50.6,2293,rotor,four,217,spdi,3.55,4.47,11.3,53,4200,29,38,30731
771,1,bmw suv,diesel,std,two,hatchback,4wd,rear,114.2,145.1,63.2,52.6,2544,ohcf,five,154,1bbl,2.66,3.34,7.9,63,6500,27,37,17240
772,-1,audi suv,diesel,std,two,sedan,4wd,front,105.4,185.0,73.4,58.1,1690,dohc,three,62,spdi,3.33,3.04,8.3,51,4500,33,38,12644
773,1,hyundai hatchback,gas,std,four,wagon,rwd,rear,111.6,209.7,68.3,59.8,3347,dohc,six,155,mpfi,2.76,3.84,10.9,127,4500,14,23,30902
774,-1,nissan hatchback,gas,std,four,wagon,rwd,front,88.6,172.3,67.0,48.3,3940,ohcf,two,287,mpfi,2.64,2.86,7.8,230,6000,13,19,5401
775,1,bmw sedan,gas,std,four,hardtop,fwd,rear,110.6,188.0,68.5,53.2,1959,rotor,five,168,spdi,3.06,3.38,7.4,198,5000,17,23,42288
776,3,hyundai hatchback,gas,turbo,two,sedan,rwd,front,102.3,193.6,70.5,58.3,1775,rotor,five,139,spdi,3.86,3.2,7.9,178,5000,35,45,26738
777,-2,honda coupe,gas,std,four,hatchback,fwd,front,92.0,155.0,64.4,49.5,2436,ohcf,eight,139,mpfi,2.88,2.69,9.4,119,6500,40,47,18855
778,3,kia sedan,gas,turbo,four,hardtop,4wd,front,109.8,187.1,71.0,56.8,2022,ohc,eight,166,mpfi,2.92,3.79,7.7,266,4500,35,40,13557
779,1,chevrolet hatchback,gas,std,four,hatchback,fwd,front,103.1,169.3,73.3,52.9,3121,ohcf,two,89,1bbl,3.57,3.49,11.7,160,5500,34,44,35120
780,2,honda coupe,gas,std,two,sedan,4wd,front,119.7,146.3,70.2,57.8,1803,l,four,253,spdi,2.56,4.36,9.9,292,6000,23,32,19297
781,0,audi coupe,diesel,std,four,convertible,fwd,front,105.3,196.1,63.0,49.4,3494,ohc,six,88,1bbl,3.11,4.21,11.8,154,5500,15,18,35179
782,1,audi wagon,gas,std,four,wagon,rwd,front,96.3,160.1,71.4,51.1,4187,ohc,five,280,idi,3.97,3.71,10.0,96,6500,36,39,19727
783,0,toyota suv,diesel,std,four,hatchback,fwd,front,99.1,170.4,72.5,49.1,2101,dohc,three,270,2bbl,3.88,3.85,11.7,190,6500,30,39,26008
784,-2,kia coupe,gas,turbo,two,hardtop,rwd,front,107.7,190.7,73.6,56.5,4195,rotor,six,254,1bbl,2.83,3.4,11.0,275,4500,20,25,23463
785,0,toyota suv,gas,std,two,wagon,fwd,front,113.5,156.9,61.2,58.0,4238,rotor,five,267,mpfi,3.06,3.8,8.8,167,6500,26,31,30585
786,1,chevrolet wagon,diesel,turbo,four,hatchback,rwd,front,100.8,179.5,74.9,51.3,3083,rotor,six,255,mpfi,3.15,4.26,7.6,93,5000,34,41,23713
787,2,toyota coupe,diesel,turbo,two,wagon,fwd,rear,106.3,162.6,74.1,54.9,3126,dohc,five,153,mpfi,3.78,2.6,9.3,299,5000,23,26,13959
788,3,volkswagen sedan,diesel,std,four,sedan,rwd,front,119.9,206.8,69.8,55.0,2515,ohcf,five,119,1bbl,3.67,4.22,8.1,255,4200,19,27,34675
789,-1,hyundai hatchback,gas,std,two,hardtop,4wd,front,102.9,177.2,65.3,50.0,1992,ohc,four,288,mpfi,3.87,3.39,8.6,101,5000,30,39,48118
790,1,kia wagon,diesel,turbo,four,sedan,fwd,rear,92.6,207.5,73.0,59.2,4271,ohc,eight,270,1bbl,3.81,4.05,8.1,161,5500,20,25,34685
791,1,chevrolet wagon,gas,std,four,sedan,fwd,rear,117.0,185.2,60.7,57.2,4368,dohc,three,284,spdi,2.59,4.32,8.8,214,6000,16,25,48141
792,-2,bmw wagon,gas,std,two,wagon,fwd,rear,101.7,199.3,62.9,53.1,3974,dohc,three,123,2bbl,3.64,3.32,10.1,70,5500,13,16,15779
793,-2,audi wagon,diesel,turbo,two,hardtop,rwd,front,116.8,141.9,69.7,54.9,4085,l,three,236,2bbl,3.58,4.42,8.8,276,6500,13,19,49753
794,-1,bmw hatchback,diesel,std,two,hardtop,4wd,front,86.0,165.5,67.1,56.3,2409,dohc,three,126,2bbl,3.13,2.22,8.8,56,5500,18,24,31024
795,2,hyundai sedan,gas,turbo,four,sedan,4wd,front,114.2,154.0,60.6,48.2,2010,ohcf,five,111,1bbl,3.47,4.38,11.9,104,6000,14,17,49418
796,3,honda wagon,diesel,turbo,four,convertible,rwd,front,97.0,192.8,62.0,50.5,2387,ohcf,three,142,spdi,2.53,2.27,10.0,112,4500,29,34,27682
797,3,bmw hatchback,diesel,turbo,two,convertible,fwd,rear,93.2,185.9,73.5,50.9,4102,l,three,94,mpfi,3.3,2.68,10.4,173,5000,29,34,11851
798,-2,hyundai suv,gas,turbo,two,hardtop,rwd,front,86.5,186.2,63.3,52.6,3143,ohc,six,206,idi,2.84,4.07,9.4,141,5500,38,44,9145
799,1,toyota suv,diesel,turbo,two,hatchback,4wd,front,98.5,170.0,70.8,48.9,3819,dohc,four,279,1bbl,2.53,4.33,7.5,232,5500,22,29,43825
800,1,kia wagon,diesel,std,two,convertible,fwd,front,86.6,151.8,74.6,56.0,1791,rotor,eight,314,mpfi,2.7,3.65,7.7,66,4500,18,26,42458
801,2,nissan wagon,diesel,turbo,two,hardtop,4wd,rear,93.3,151.5,67.4,53.8,1827,rotor,three,127,idi,3.48,3.69,7.1,293,5000,19,28,42799
802,3,kia wagon,diesel,std,two,hardtop,4wd,rear,92.9,182.2,69.4,52.6,2764,ohcf,two,231,2bbl,2.85,2.36,7.8,198,4200,28,38,28066
803,0,hyundai wagon,diesel,turbo,four,wagon,rwd,front,110.2,140.1,66.3,54.7,3120,dohc,four,282,idi,3.1,3.43,10.0,284,5000,38,41,10834
804,1,chevrolet wagon,gas,turbo,four,sedan,fwd,rear,94.3,162.0,63.3,50.4,3911,l,four,278,spdi,2.78,3.16,7.4,273,6500,25,31,42056
805,-1,volkswagen wagon,gas,turbo,two,sedan,4wd,rear,106.2,190.3,62.7,52.2,2161,rotor,three,296,idi,3.51,3.07,8.2,68,5000,32,40,45244
806,2,nissan suv,diesel,turbo,four,hatchback,rwd,rear,111.6,201.2,74.1,51.5,2406,dohc,eight,191,mpfi,3.69,2.76,7.6,193,6000,21,29,43606
807,3,ford suv,diesel,turbo,two,hardtop,rwd,rear,95.0,176.8,70.1,55.9,3799,ohcf,three,174,mpfi,3.39,3.25,7.6,233,5500,19,25,19321
808,-2,audi hatchback,gas,std,four,hatchback,fwd,front,89.9,173.5,60.7,51.9,3624,dohc,three,206,idi,3.06,3.18,9.9,267,4500,30,37,7443
809,-2,ford suv,diesel,turbo,four,sedan,fwd,front,105.3,197.6,62.1,56.8,2957,ohc,three,118,2bbl,3.6,3.15,11.3,269,5000,19,22,39653
810,-1,chevrolet coupe,diesel,turbo,two,hardtop,rwd,front,117.4,182.7,74.2,51.1,2976,rotor,four,156,1bbl,3.54,2.99,8.1,66,4500,34,43,40523
811,-2,audi suv,gas,std,four,hatchback,4wd,front,87.1,157.4,64.7,51.5,2585,l,three,115,mpfi,2.95,3.66,10.6,154,6000,29,37,49223
812,2,toyota sedan,diesel,std,four,convertible,4wd,front,91.2,196.3,61.3,56.0,3495,l,four,92,idi,2.9,4.48,8.5,263,5000,37,46,8830
813,2,chevrolet sedan,gas,std,four,convertible,rwd,rear,92.2,192.6,70.9,57.0,2153,ohcf,three,128,spdi,3.99,3.56,8.2,82,4200,16,22,13810
814,2,honda hatchback,gas,std,two,sedan,fwd,front,94.6,172.8,61.0,56.3,4245,l,five,246,mpfi,3.16,3.07,10.9,204,6000,22,31,27765
815,-1,toyota hatchback,diesel,turbo,two,sedan,fwd,front,116.9,191.4,68.3,51.1,3497,ohcf,three,74,2bbl,2.91,4.29,11.0,59,4500,36,44,40401
816,-2,volkswagen sedan,gas,turbo,two,hatchback,4wd,front,96.0,201.7,60.9,57.8,4458,l,four,296,mpfi,3.75,3.19,10.2,174,5000,21,31,22068
817,2,volkswagen hatchback,diesel,std,four,wagon,4wd,front,104.3,204.4,62.3,56.1,4076,ohcf,four,318,mpfi,2.77,2.79,7.2,292,6000,25,29,27494
818,2,ford suv,gas,std,four,hatchback,4wd,front,101.3,193.9,61.1,50.2,2032,ohc,two,84,mpfi,3.3,4.42,7.2,226,5000,24,33,41228
819,3,honda wagon,gas,turbo,four,sedan,4wd,front,106.3,164.7,68.8,55.4,2531,dohc,three,222,mpfi,3.24,2.43,7.7,174,5500,25,28,21680
820,2,hyundai hatchback,gas,std,four,wagon,fwd,front,89.8,152.3,70.2,56.2,2567,rotor,eight,255,2bbl,3.86,3.85,7.0,186,4500,19,25,18261
821,0,hyundai sedan,diesel,turbo,four,sedan,rwd,rear,86.7,151.6,72.9,55.4,3046,rotor,eight,238,mpfi,3.42,4.19,7.9,222,5500,21,28,37560
822,1,nissan hatchback,gas,turbo,four,hatchback,rwd,front,101.4,174.9,64.8,50.0,2969,rotor,three,68,idi,2.62,3.0,9.7,84,6000,20,25,13770
823,2,bmw hatchback,diesel,std,two,wagon,rwd,front,87.4,181.4,64.7,56.0,3882,l,three,283,2bbl,3.19,3.8,7.8,152,4500,12,20,45791
824,3,bmw sedan,diesel,turbo,two,wagon,4wd,rear,107.2,141.9,70.0,52.1,2296,ohcf,eight,114,2bbl,3.48,3.9,7.2,117,6000,35,42,40024
825,3,bmw sedan,gas,std,two,sedan,fwd,front,98.7,160.7,69.9,58.6,4413,dohc,six,138,idi,3.32,3.34,12.0,124,4200,39,45,11814
826,2,chevrolet suv,gas,turbo,four,wagon,fwd,front,87.4,167.2,68.6,54.0,3539,l,eight,305,2bbl,3.75,3.3,10.9,293,5500,36,40,46799
827,1,ford sedan,diesel,std,two,wagon,4wd,front,89.8,149.9,74.0,57.7,2233,ohc,three,153,mpfi,2.96,2.16,8.4,204,5000,24,31,39858
828,0,hyundai coupe,gas,std,four,hardtop,rwd,front,114.1,168.4,69.1,59.7,2637,rotor,eight,109,2bbl,3.27,2.5,10.7,53,4200,18,22,19374
829,1,nissan sedan,gas,std,two,sedan,rwd,front,111.4,177.7,62.9,52.8,1894,ohc,four,83,1bbl,3.71,2.68,11.4,278,4500,40,49,41033
830,0,kia hatchback,diesel,std,two,sedan,rwd,rear,104.2,170.3,72.3,57.1,2499,ohcf,three,165,spdi,3.41,2.96,10.9,293,4500,34,37,19056
831,1,honda coupe,diesel,std,four,hatchback,rwd,rear,89.6,170.4,64.6,57.3,1503,ohc,three,139,spdi,3.69,2.5,8.1,203,4500,38,48,11497
832,0,bmw wagon,gas,turbo,four,sedan,rwd,rear,102.8,146.6,60.7,57.1,4462,dohc,six,145,mpfi,3.45,4.34,9.6,267,6500,33,39,22458
833,2,bmw wagon,diesel,turbo,two,convertible,4wd,front,98.0,181.5,68.7,54.4,2511,rotor,eight,213,1bbl,3.49,2.45,10.4,231,6500,19,23,14874
834,1,chevrolet wagon,diesel,std,four,hardtop,fwd,front,97.0,154.3,69.3,55.1,2165,dohc,four,174,spdi,2.91,3.09,10.2,243,5500,34,43,24520
835,2,volkswagen sedan,diesel,turbo,four,hatchback,4wd,rear,100.4,209.2,64.6,57.2,3851,rotor,five,308,mpfi,3.34,3.38,10.0,126,6500,40,45,49545
836,2,chevrolet coupe,diesel,turbo,four,sedan,4wd,front,113.3,196.1,72.7,49.4,3392,ohcf,four,294,spdi,3.92,2.86,9.0,196,6000,27,34,39944
837,0,volkswagen coupe,gas,turbo,four,wagon,fwd,front,108.5,176.0,65.9,48.1,2200,ohc,two,143,idi,2.71,3.15,9.0,122,6000,15,24,44441
838,-2,kia hatchback,diesel,turbo,four,hardtop,fwd,front,86.0,201.4,68.6,50.3,4226,ohc,four,307,1bbl,3.5,3.35,8.2,200,6500,40,43,36046
839,2,chevrolet wagon,gas,std,two,convertible,rwd,front,87.6,154.9,70.2,56.6,4280,l,two,242,2bbl,2.53,4.42,8.8,122,4200,20,24,41566
840,1,kia suv,diesel,turbo,two,hardtop,rwd,front,108.2,177.2,62.4,58.5,1643,ohc,two,164,idi,3.06,3.72,7.2,117,5000,20,26,24858
841,2,volkswagen sedan,diesel,turbo,four,wagon,rwd,rear,113.8,166.2,64.5,48.5,2080,ohcf,two,225,1bbl,3.42,3.09,9.4,128,5500,20,25,16682
842,-2,volkswagen sedan,diesel,std,two,wagon,rwd,front,94.8,161.5,73.5,51.6,2681,dohc,four,174,spdi,3.16,2.43,11.2,257,4500,17,22,40020
843,-2,hyundai sedan,gas,turbo,four,wagon,fwd,front,91.7,198.0,73.5,48.7,2520,l,three,154,mpfi,3.9,2.17,10.6,168,4500,19,27,46949
844,1,bmw wagon,diesel,std,four,hardtop,rwd,rear,104.8,152.0,68.8,51.7,4290,dohc,three,220,mpfi,3.11,4.44,8.6,142,6000,16,26,10507
845,-2,chevrolet sedan,gas,turbo,four,hardtop,fwd,rear,101.2,161.5,67.1,57.2,4115,ohcf,four,132,1bbl,3.16,3.32,10.7,235,5000,26,30,12348
846,-2,chevrolet coupe,diesel,turbo,two,wagon,rwd,front,87.2,156.2,67.7,48.4,2299,ohc,six,171,idi,2.62,3.97,10.4,109,6500,38,48,39155
847,1,toyota coupe,diesel,std,two,wagon,fwd,rear,104.5,153.7,64.3,54.7,2253,dohc,eight,92,1bbl,2.77,3.11,8.5,131,6500,31,36,18939
848,1,kia sedan,gas,std,four,convertible,4wd,rear,92.4,159.5,65.7,49.1,3462,l,eight,253,2bbl,3.39,2.99,11.7,300,5000,22,28,19711
849,-1,volkswagen coupe,diesel,turbo,four,wagon,rwd,front,106.7,180.3,71.9,56.3,1959,ohc,six,234,idi,2.84,2.04,11.5,261,6500,18,27,27307
850,3,honda coupe,diesel,turbo,four,hatchback,4wd,rear,99.3,191.5,67.7,54.2,4036,rotor,eight,294,spdi,3.06,2.43,11.6,142,5500,17,21,26534
851,2,bmw coupe,gas,std,two,hatchback,fwd,rear,111.3,172.4,68.1,55.9,4213,ohc,three,213,spdi,3.31,3.6,11.5,163,4200,32,40,35285
852,2,kia suv,diesel,turbo,two,wagon,fwd,rear,102.9,201.2,67.8,52.7,3643,ohc,two,153,2bbl,3.46,2.52,9.5,240,5500,12,20,40151
853,2,audi coupe,diesel,std,four,wagon,4wd,front,116.2,141.6,71.9,55.9,4449,rotor,eight,145,mpfi,3.17,3.44,8.9,85,6000,15,19,32867
854,-1,chevrolet sedan,diesel,std,four,sedan,4wd,rear,92.6,187.1,60.3,56.9,1999,rotor,three,100,mpfi,2.87,4.14,7.6,194,5500,25,31,25144
855,0,honda hatchback,diesel,std,two,hardtop,rwd,front,115.1,190.2,60.6,51.9,2055,dohc,three,296,2bbl,3.1,4.26,11.7,251,6000,16,24,37518
856,1,bmw wagon,gas,std,four,hardtop,4wd,rear,105.3,154.6,63.6,55.4,4384,ohc,eight,230,spdi,2.98,4.18,10.8,296,5500,18,27,10921
857,1,audi sedan,diesel,turbo,four,hatchback,4wd,rear,105.3,165.0,71.8,49.4,3055,dohc,three,261,spdi,2.56,2.34,9.5,109,5500,23,30,36860
858,-2,bmw coupe,diesel,turbo,four,sedan,rwd,front,96.0,176.5,65.7,51.1,1781,l,two,77,mpfi,3.44,3.74,11.8,130,6500,17,27,18417
859,1,ford sedan,diesel,std,two,hatchback,4wd,front,90.6,208.6,60.1,49.7,3219,ohcf,five,128,spdi,3.81,2.66,8.3,117,5500,22,29,12606
860,2,chevrolet hatchback,gas,turbo,two,convertible,rwd,rear,94.8,192.9,73.8,58.3,4066,ohc,six,148,2bbl,3.26,3.91,8.4,205,6000,28,34,34775
861,0,chevrolet sedan,gas,turbo,four,hatchback,rwd,front,101.4,202.2,60.3,59.6,3764,rotor,two,114,idi,3.76,4.05,10.9,244,4200,36,43,18310
862,2,kia coupe,gas,turbo,two,hardtop,rwd,rear,108.2,165.1,67.7,56.8,2378,l,four,303,idi,2.52,2.63,8.2,50,6000,21,27,5816
863,0,audi coupe,diesel,std,two,hardtop,fwd,rear,90.5,158.5,62.5,48.5,2573,ohc,eight,147,2bbl,3.84,3.53,10.6,139,5500,31,35,35266
864,0,ford sedan,gas,std,four,hardtop,4wd,rear,89.4,155.1,64.1,60.0,2483,rotor,eight,98,mpfi,3.43,3.79,8.5,292,6500,16,19,14466
865,2,hyundai sedan,diesel,std,four,wagon,4wd,rear,93.0,152.4,61.2,54.0,2722,ohcf,three,208,mpfi,2.9,4.23,10.2,102,4500,16,23,32473
866,2,volkswagen sedan,gas,std,four,convertible,4wd,rear,89.4,166.7,60.8,48.1,3737,l,five,146,mpfi,3.9,2.38,7.2,200,5000,15,19,20495
867,3,bmw sedan,diesel,std,four,hardtop,4wd,front,86.3,172.5,69.1,48.4,1892,l,three,129,1bbl,3.93,3.41,7.1,252,5500,24,33,19168
868,-2,audi sedan,diesel,std,two,sedan,fwd,front,104.4,166.6,60.6,54.1,1809,l,five,132,2bbl,2.68,4.01,8.3,270,6500,31,41,23306
869,-2,hyundai sedan,gas,std,four,sedan,rwd,rear,96.4,168.5,74.7,49.7,2423,dohc,four,127,2bbl,3.04,2.23,9.0,84,5000,35,44,16867
870,-2,bmw sedan,diesel,turbo,four,convertible,fwd,rear,107.0,154.6,62.7,55.7,2946,dohc,two,175,2bbl,3.21,2.2,9.3,257,5000,18,25,41516
871,0,chevrolet suv,diesel,std,four,sedan,fwd,front,89.6,186.7,64.8,59.2,3881,ohc,three,280,spdi,3.82,4.48,10.5,235,6000,12,17,40118
872,0,hyundai coupe,diesel,turbo,two,hatchback,rwd,rear,120.0,203.5,67.5,51.2,3368,dohc,two,178,idi,3.73,3.39,7.4,192,4200,40,49,42479
873,0,volkswagen coupe,gas,std,four,wagon,fwd,front,99.7,191.6,71.5,59.2,2325,l,six,125,2bbl,3.68,4.45,8.4,116,6000,13,23,33642
874,-2,kia hatchback,gas,std,four,wagon,rwd,rear,92.4,190.0,60.1,48.8,2181,ohcf,eight,311,2bbl,3.8,2.9,8.6,272,4500,20,30,19274
875,-2,toyota coupe,diesel,std,four,convertible,rwd,front,106.2,182.9,60.1,54.3,3827,ohc,two,189,mpfi,3.11,2.01,9.9,267,4200,12,15,30197
876,-1,bmw wagon,gas,turbo,four,hardtop,fwd,rear,86.3,195.7,65.1,54.5,1836,rotor,five,305,1bbl,3.08,2.1,7.1,200,6000,30,35,38754
877,-1,nissan sedan,gas,std,four,sedan,fwd,front,96.8,186.4,68.3,52.4,2561,dohc,six,132,spdi,3.94,2.77,11.9,96,6500,20,26,22024
878,-2,chevrolet hatchback,diesel,std,four,convertible,rwd,front,101.2,166.3,68.6,55.2,2660,rotor,eight,199,idi,3.15,2.37,7.3,62,6000,37,40,14040
879,-1,kia sedan,gas,std,two,hardtop,rwd,rear,118.9,150.5,73.4,49.7,3674,dohc,six,95,idi,2.89,2.81,7.7,106,5000,20,23,46757
880,0,bmw hatchback,diesel,turbo,two,sedan,rwd,front,91.4,146.6,71.6,59.4,3759,dohc,two,119,idi,3.91,3.57,10.9,297,5000,18,27,27672
881,0,nissan sedan,gas,std,four,hardtop,fwd,front,87.9,169.9,60.4,49.0,3800,ohcf,six,133,idi,2.63,2.22,11.4,280,4500,30,33,18140
882,2,nissan sedan,diesel,std,two,sedan,4wd,rear,118.2,190.1,60.2,56.8,3282,dohc,three,192,1bbl,3.07,2.12,11.4,215,4500,40,45,14458
883,-1,ford wagon,gas,std,two,wagon,fwd,front,98.4,190.3,72.0,59.8,4497,dohc,five,136,1bbl,2.85,3.4,9.1,173,5500,26,35,40045
884,0,honda hatchback,diesel,std,four,convertible,fwd,rear,114.8,189.3,65.8,52.2,4362,l,three,126,1bbl,3.98,4.39,10.1,161,5500,17,22,40768
885,2,ford wagon,diesel,std,two,hardtop,fwd,front,98.3,142.6,74.6,49.3,3590,dohc,six,307,1bbl,3.96,2.31,8.6,117,4500,26,33,25158
886,3,nissan wagon,gas,std,two,sedan,rwd,rear,114.7,182.3,71.3,50.0,2551,rotor,three,68,idi,3.49,2.69,8.4,257,4200,13,20,13108
887,-1,kia coupe,gas,std,four,hatchback,fwd,rear,93.9,155.8,70.2,57.5,3549,rotor,three,93,spdi,3.28,3.47,9.1,53,5500,15,25,31552
888,0,honda sedan,gas,std,two,hatchback,rwd,rear,92.7,192.5,61.2,56.7,2512,ohc,two,265,mpfi,2.97,3.86,9.6,49,4500,20,23,37549
889,3,kia wagon,gas,std,two,hatchback,fwd,front,89.6,171.3,72.4,55.5,1702,ohc,two,201,mpfi,3.91,2.52,11.6,169,4200,16,20,20774
890,3,honda coupe,diesel,turbo,two,sedan,4wd,rear,116.1,150.9,74.8,52.3,4429,rotor,two,319,1bbl,2.65,3.62,11.2,210,5500,15,25,39333
891,-2,honda sedan,gas,turbo,four,hatchback,rwd,front,110.0,141.6,73.8,54.7,4268,l,six,61,idi,2.71,3.17,10.8,231,4500,22,30,35667
892,-2,nissan sedan,gas,turbo,two,hatchback,fwd,rear,94.5,174.3,61.8,50.4,2887,ohcf,two,289,idi,3.34,2.27,11.5,94,5000,15,24,40850
893,0,hyundai coupe,gas,std,two,wagon,4wd,rear,92.6,193.8,63.2,52.7,2262,ohcf,two,260,spdi,2.56,4.48,10.0,243,5500,12,20,41142
894,0,nissan wagon,gas,turbo,four,wagon,fwd,rear,107.1,148.3,68.7,59.8,2993,ohcf,two,224,mpfi,3.6,4.1,11.5,258,4500,23,33,30453
895,1,toyota hatchback,gas,turbo,two,hardtop,rwd,front,95.6,154.8,71.2,49.4,3704,ohcf,six,130,1bbl,3.31,2.73,7.3,54,4200,14,17,24754
896,2,honda sedan,diesel,std,two,hatchback,fwd,rear,117.0,166.4,70.8,57.2,4425,rotor,five,208,idi,3.57,2.61,10.3,287,6000,15,24,26626
897,2,honda sedan,gas,turbo,two,sedan,rwd,rear,100.3,193.8,62.3,54.1,3897,l,two,223,idi,2.87,2.84,10.7,282,4200,19,26,13966
898,1,hyundai suv,gas,std,two,hardtop,rwd,rear,103.2,163.9,63.9,52.5,4119,ohc,eight,296,2bbl,2.84,2.96,7.8,249,5000,29,33,33516
899,0,nissan wagon,diesel,std,two,wagon,fwd,rear,89.5,172.2,60.9,54.0,2001,dohc,five,194,idi,3.3,3.6,8.1,218,6500,36,44,9010
900,1,chevrolet suv,gas,std,two,convertible,rwd,front,114.6,175.2,64.9,53.5,2241,l,two,142,spdi,2.76,2.65,10.8,223,6000,18,22,31399
901,-1,kia coupe,diesel,std,four,convertible,rwd,rear,90.6,171.2,73.4,56.2,2089,l,two,165,1bbl,2.81,3.37,11.6,169,5500,16,26,14067
902,-1,kia wagon,diesel,std,four,sedan,rwd,rear,106.1,156.4,60.9,52.0,3017,ohcf,four,63,1bbl,3.68,3.72,11.7,202,4500,23,28,36081
903,3,honda suv,diesel,turbo,four,sedan,rwd,front,109.2,191.7,66.2,48.7,3440,rotor,six,297,idi,3.57,2.86,7.8,265,4200,18,27,43449
904,-1,kia suv,gas,std,four,hatchback,rwd,front,101.5,154.4,60.9,50.1,4135,ohcf,five,112,mpfi,3.64,4.09,11.2,214,5500,34,37,32913
905,1,honda wagon,gas,std,four,hatchback,4wd,rear,89.9,158.8,68.3,54.9,2453,ohc,four,149,mpfi,3.75,4.39,7.0,197,4500,31,35,17267
906,3,nissan coupe,gas,std,four,hatchback,4wd,rear,95.1,198.0,60.9,54.6,1792,l,five,69,2bbl,3.71,2.2,11.6,162,4200,12,17,27441
907,-2,ford coupe,gas,std,two,convertible,rwd,front,94.6,159.6,68.7,58.2,3304,ohcf,six,202,idi,3.15,2.6,9.8,186,4500,33,36,41885
908,0,ford sedan,gas,turbo,four,sedan,4wd,front,111.1,155.7,66.9,49.9,3520,ohcf,six,104,2bbl,3.84,2.29,8.9,137,6500,13,22,8129
909,-2,bmw wagon,diesel,turbo,four,wagon,fwd,rear,115.3,178.7,64.6,59.7,3908,l,four,251,mpfi,3.18,2.0,11.3,159,5000,21,30,5182
910,0,nissan sedan,gas,std,two,sedan,4wd,front,106.2,151.6,71.6,58.8,2725,ohcf,six,76,1bbl,2.89,3.43,7.2,105,4500,25,35,15281
911,-1,audi hatchback,gas,std,two,wagon,fwd,front,91.2,166.2,69.8,52.0,1743,ohc,six,175,1bbl,2.93,3.99,10.4,56,4500,23,29,31530
912,3,audi coupe,gas,std,two,hatchback,rwd,front,99.4,151.4,66.4,48.1,3701,ohc,four,178,mpfi,2.69,4.41,8.3,117,4200,30,37,15596
913,1,chevrolet coupe,diesel,turbo,two,sedan,fwd,front,94.3,174.7,63.0,53.8,2765,rotor,four,202,2bbl,2.6,2.04,7.9,246,5000,40,43,47003
914,1,chevrolet coupe,gas,std,two,convertible,rwd,front,109.9,147.0,65.6,56.7,2024,l,four,302,1bbl,2.73,4.13,10.1,150,5000,14,20,30106
915,3,toyota coupe,diesel,std,four,hatchback,fwd,front,105.4,151.1,71.1,54.4,2600,dohc,three,198,mpfi,2.79,3.76,7.3,224,4500,15,20,26749
916,0,honda suv,gas,std,two,hardtop,4wd,front,96.2,186.6,60.7,58.2,3487,rotor,five,131,1bbl,3.2,4.43,8.9,237,5000,23,26,13604
917,2,kia hatchback,diesel,turbo,two,hardtop,fwd,front,96.3,178.0,67.4,53.2,4097,l,six,161,2bbl,3.82,3.89,9.9,300,6000,16,20,33180
918,0,volkswagen sedan,gas,turbo,four,hardtop,4wd,rear,118.6,159.2,73.3,52.0,3562,dohc,eight,158,spdi,2.76,3.94,10.5,229,5500,23,27,13845
919,-2,kia suv,diesel,turbo,two,hardtop,fwd,rear,96.4,155.2,71.7,58.5,3028,ohc,six,260,2bbl,3.33,2.43,11.3,50,4200,24,29,39949
920,3,nissan hatchback,diesel,turbo,two,hardtop,rwd,front,106.0,157.6,62.7,48.2,2194,ohcf,three,200,mpfi,2.93,3.43,10.0,249,4200,17,25,44681
921,1,bmw wagon,gas,std,four,convertible,fwd,rear,117.2,202.4,72.4,48.6,3878,dohc,five,159,2bbl,2.6,4.09,10.2,52,6500,34,43,20178
922,-2,honda coupe,gas,std,four,hatchback,4wd,front,90.6,160.9,67.0,49.0,3924,ohcf,five,62,mpfi,3.13,2.05,9.6,166,5500,31,35,48193
923,1,ford wagon,gas,turbo,two,convertible,rwd,front,99.3,155.3,67.9,59.3,1542,ohc,six,226,2bbl,3.19,2.5,9.1,161,5500,13,21,48190
924,3,honda hatchback,gas,turbo,two,sedan,4wd,rear,95.6,146.5,66.5,49.6,2319,ohc,five,238,1bbl,3.85,2.72,11.6,98,5500,16,22,16709
925,3,nissan coupe,diesel,turbo,four,sedan,rwd,front,112.9,182.3,62.7,59.7,2636,l,two,302,1bbl,3.79,2.25,9.8,53,4200,26,36,37401
926,-1,ford hatchback,gas,std,four,hardtop,fwd,rear,96.5,194.0,61.2,54.0,2397,dohc,four,279,1bbl,3.69,3.25,8.9,113,5500,31,37,42373
927,-1,chevrolet suv,diesel,std,four,hatchback,rwd,front,95.5,172.7,63.0,53.2,4392,dohc,two,66,mpfi,3.39,2.57,11.4,208,5000,36,39,36569
928,-1,honda wagon,diesel,std,four,hardtop,4wd,front,114.4,142.3,71.7,53.7,1818,dohc,eight,278,mpfi,2.96,4.12,10.2,236,4200,35,42,24241
929,2,kia suv,diesel,std,four,sedan,rwd,rear,88.8,192.7,72.6,59.6,2939,l,four,272,idi,2.7,4.19,10.8,151,6000,19,29,9400
930,3,honda coupe,diesel,std,two,hatchback,rwd,rear,117.4,151.7,72.6,48.1,3617,dohc,four,80,idi,3.47,4.09,8.9,122,4500,23,30,28811
931,-2,chevrolet sedan,gas,std,four,wagon,rwd,front,93.2,167.7,69.7,56.0,1591,l,five,121,spdi,3.9,2.46,7.9,153,5500,25,34,42659
932,-2,volkswagen sedan,diesel,turbo,four,hatchback,4wd,rear,109.0,196.6,60.7,53.6,2340,rotor,five,164,1bbl,3.52,2.42,9.6,206,6000,32,39,36560
933,3,chevrolet suv,gas,turbo,two,hatchback,fwd,rear,88.0,185.4,68.4,57.2,1818,rotor,five,286,mpfi,3.11,2.51,11.2,243,4200,24,27,31359
934,2,toyota wagon,gas,std,two,hardtop,4wd,front,102.7,179.3,66.3,51.9,2335,ohcf,five,106,idi,3.61,4.31,9.7,258,5000,36,41,45025
935,1,volkswagen suv,gas,std,two,hardtop,4wd,front,119.1,146.1,71.6,59.5,2738,rotor,eight,69,mpfi,2.92,3.94,10.1,155,5500,20,25,6755
936,-2,volkswagen suv,diesel,std,two,wagon,rwd,front,118.6,159.0,68.4,54.2,2638,ohcf,two,135,mpfi,3.2,3.35,9.1,176,4200,24,29,30320
937,3,ford hatchback,gas,turbo,two,sedan,rwd,rear,116.0,180.7,70.8,49.7,4178,rotor,two,228,mpfi,2.8,3.12,7.2,169,4200,32,41,44261
938,3,ford sedan,diesel,std,two,sedan,4wd,front,103.6,202.9,74.4,48.8,2152,l,three,144,spdi,3.92,3.38,10.3,245,5000,16,25,24604
939,-2,toyota wagon,gas,turbo,two,convertible,4wd,rear,89.0,169.3,60.0,59.2,4307,ohc,eight,257,mpfi,2.76,3.18,9.0,51,6000,38,46,7168
940,-2,audi coupe,gas,turbo,two,hatchback,rwd,front,108.9,201.8,64.2,50.6,3936,l,eight,154,1bbl,3.0,3.3,11.1,172,4200,28,33,10323
941,3,ford hatchback,diesel,std,four,hatchback,rwd,front,105.9,205.7,62.3,50.7,2991,ohcf,two,153,spdi,3.86,3.42,9.0,256,6500,17,20,8853
942,3,hyundai sedan,gas,turbo,two,convertible,rwd,front,114.7,202.4,64.6,52.2,2410,l,four,316,mpfi,3.55,4.04,10.9,247,5000,19,28,49542
943,1,ford coupe,gas,std,four,hardtop,rwd,rear,94.5,165.9,74.1,52.8,2123,ohcf,three,178,idi,2.56,3.01,9.3,246,6000,12,18,39664
944,2,honda hatchback,diesel,turbo,four,hatchback,fwd,front,118.3,153.0,67.9,50.2,3182,rotor,six,125,mpfi,3.08,3.0,11.8,290,6000,25,32,43234
945,-1,chevrolet wagon,gas,std,two,wagon,4wd,rear,115.4,168.0,67.7,56.5,3347,rotor,three,250,idi,2.52,2.3,8.3,92,4200,25,30,39292
946,2,audi sedan,diesel,std,two,hardtop,fwd,front,119.7,168.2,60.4,58.8,2686,dohc,two,298,idi,2.72,3.54,10.7,65,5000,39,46,47733
947,-2,ford coupe,gas,std,four,sedan,fwd,front,103.6,180.2,64.8,58.8,3726,l,three,76,spdi,3.42,3.09,8.6,219,5500,33,39,24472
948,0,toyota suv,gas,std,two,hatchback,rwd,front,87.1,205.3,74.9,53.1,1919,rotor,four,265,2bbl,3.87,3.42,11.9,246,6000,17,22,7225
949,1,kia hatchback,gas,std,four,wagon,fwd,front,101.3,168.6,61.5,54.3,3842,dohc,five,138,1bbl,3.77,2.02,8.2,288,5000,32,40,37161
950,3,bmw suv,gas,std,two,convertible,4wd,rear,114.9,146.8,60.8,53.9,2304,ohcf,two,314,1bbl,2.59,3.05,10.8,243,6500,20,24,16753
951,3,chevrolet coupe,gas,std,four,hatchback,fwd,rear,87.4,160.9,62.8,51.5,2771,dohc,five,206,spdi,3.41,3.95,9.5,54,5500,13,18,40031
952,-1,chevrolet sedan,gas,turbo,four,wagon,fwd,front,112.7,184.1,74.7,56.3,2963,ohc,five,182,2bbl,3.8,3.48,7.4,138,5500,25,30,17621
953,2,honda coupe,diesel,std,four,wagon,4wd,front,110.8,196.5,64.8,58.0,2567,dohc,eight,260,1bbl,2.87,3.67,11.6,60,6500,20,23,37236
954,-2,toyota suv,gas,std,two,wagon,rwd,rear,90.0,159.3,60.3,57.1,3974,rotor,three,151,mpfi,3.71,2.06,8.0,145,5500,38,48,15506
955,-1,kia suv,diesel,turbo,two,convertible,4wd,front,91.2,162.5,69.1,52.1,3065,dohc,eight,283,spdi,2.81,2.51,8.2,232,5500,36,39,13660
956,-1,volkswagen wagon,diesel,turbo,two,hardtop,4wd,front,111.9,198.8,67.3,54.1,3978,rotor,five,81,spdi,2.75,4.45,10.6,201,6500,18,21,45313
957,-1,honda sedan,gas,std,four,convertible,fwd,front,97.4,159.3,65.1,48.6,2167,l,three,155,mpfi,2.67,3.64,7.2,164,6500,14,21,49055
958,-2,chevrolet hatchback,diesel,std,four,convertible,rwd,rear,110.2,160.7,70.9,59.5,1732,rotor,eight,130,2bbl,2.62,3.88,8.4,238,4200,17,22,45474
959,3,audi coupe,diesel,turbo,four,convertible,rwd,front,115.7,152.6,64.9,57.1,3039,ohc,four,178,mpfi,2.71,2.96,10.7,125,4200,30,38,13502
960,2,hyundai sedan,gas,turbo,four,sedan,rwd,front,99.4,142.9,65.9,53.2,1534,dohc,two,126,spdi,3.83,2.22,10.2,116,4200,23,33,45884
961,-2,audi coupe,gas,std,two,sedan,4wd,front,107.7,150.0,62.0,55.3,2888,ohcf,eight,162,idi,3.64,3.42,10.5,141,4500,29,33,12347
962,1,toyota sedan,diesel,std,two,convertible,rwd,rear,117.8,186.3,63.9,51.3,4081,rotor,three,82,1bbl,2.93,3.39,10.0,225,5000,30,35,26586
963,-2,kia sedan,gas,turbo,four,wagon,4wd,front,95.6,198.7,64.2,52.0,3163,ohcf,three,249,2bbl,2.69,3.54,7.3,227,5500,19,23,29896
964,1,honda wagon,gas,turbo,four,sedan,rwd,front,96.1,200.5,62.3,53.1,3163,ohc,three,160,1bbl,3.7,2.16,9.5,54,4200,12,18,29540
965,-2,hyundai hatchback,gas,turbo,four,sedan,rwd,rear,87.8,176.9,68.6,52.5,2234,dohc,four,98,2bbl,2.87,2.82,9.2,115,4200,18,21,29600
966,-1,honda suv,diesel,std,four,convertible,fwd,front,111.8,205.3,69.6,54.4,3280,dohc,eight,267,spdi,2.82,2.83,11.4,189,4500,20,28,17766
967,3,volkswagen wagon,diesel,turbo,four,hardtop,fwd,rear,109.3,143.4,62.8,50.9,4342,l,five,105,spdi,2.9,4.14,11.0,73,6000,40,48,17164
968,2,chevrolet wagon,diesel,std,two,hatchback,fwd,rear,93.2,187.8,63.2,60.0,3158,dohc,four,80,2bbl,3.8,4.3,8.6,243,4500,17,20,30872
969,1,volkswagen coupe,gas,turbo,two,convertible,rwd,front,107.1,189.6,63.4,54.4,2885,ohcf,two,129,2bbl,3.53,2.05,7.5,224,4200,37,47,9276
970,-1,bmw coupe,diesel,turbo,two,hatchback,rwd,rear,108.4,182.3,67.9,58.7,1537,l,four,224,mpfi,2.99,2.67,8.7,277,5500,25,31,8773
971,1,volkswagen coupe,gas,std,two,sedan,fwd,front,110.4,167.5,64.3,51.0,4258,ohcf,three,281,2bbl,3.87,3.23,9.3,103,4500,26,34,9943
972,1,nissan suv,diesel,std,four,sedan,fwd,rear,87.8,166.5,60.5,55.4,2194,rotor,six,215,2bbl,3.45,2.21,11.1,211,5500,25,28,24497
973,-1,hyundai suv,gas,turbo,four,wagon,4wd,front,100.6,169.4,65.6,59.1,3260,ohcf,two,80,2bbl,3.56,2.48,9.5,299,5000,35,38,46569
974,0,nissan sedan,diesel,turbo,four,wagon,4wd,rear,108.0,154.6,67.8,50.6,3904,rotor,eight,308,spdi,3.76,3.77,11.2,201,4200,39,48,21887
975,-2,volkswagen coupe,diesel,turbo,two,wagon,4wd,front,90.9,169.2,73.1,51.6,2022,ohcf,eight,173,spdi,2.89,2.95,7.7,88,6500,31,40,40917
976,3,honda suv,diesel,turbo,two,wagon,fwd,front,109.8,152.8,66.8,56.9,2169,ohcf,three,215,idi,2.95,4.07,11.6,89,5000,30,34,31063
977,3,kia wagon,gas,std,two,hatchback,rwd,rear,88.0,186.0,74.6,51.5,3088,rotor,two,256,mpfi,3.98,2.5,10.6,195,6500,34,44,29253
978,1,volkswagen coupe,diesel,turbo,two,wagon,4wd,rear,109.3,183.6,68.5,57.6,2289,rotor,three,61,spdi,3.79,3.11,8.0,253,4200,24,31,8322
979,2,bmw wagon,gas,turbo,four,hatchback,fwd,front,100.2,164.9,64.8,53.4,3574,l,four,229,idi,3.5,3.31,9.0,131,5000,38,41,37344
980,-1,ford wagon,diesel,turbo,two,sedan,fwd,rear,103.8,163.6,71.8,53.0,3674,ohcf,four,89,1bbl,2.61,2.96,8.3,75,4500,23,27,16476
981,0,ford sedan,diesel,turbo,two,hatchback,fwd,front,104.0,203.9,75.0,48.2,2455,dohc,five,81,mpfi,3.18,4.4,9.0,59,6000,40,47,24549
982,-1,audi coupe,diesel,std,two,sedan,4wd,rear,110.9,177.8,71.0,50.7,3993,dohc,eight,95,2bbl,2.9,3.45,9.9,158,6500,37,44,9339
983,2,hyundai coupe,diesel,std,four,wagon,fwd,rear,89.7,165.4,69.1,54.3,2723,dohc,two,297,2bbl,3.03,3.93,10.8,173,5000,38,48,38386
984,1,audi coupe,diesel,std,four,hardtop,4wd,front,90.8,208.8,60.0,56.6,2527,dohc,three,82,2bbl,3.95,2.88,9.7,297,4500,12,20,26766
985,2,toyota wagon,gas,turbo,two,sedan,fwd,front,105.2,170.8,66.9,51.4,3289,l,four,247,mpfi,3.48,2.17,11.5,236,5000,28,35,39254
986,-1,toyota coupe,gas,turbo,four,hardtop,rwd,front,105.4,151.1,69.7,50.6,3258,ohc,eight,244,spdi,3.07,3.56,8.4,165,5500,35,40,36494
987,-2,hyundai hatchback,gas,turbo,four,hatchback,4wd,front,108.3,185.0,70.2,52.5,3669,ohc,five,316,2bbl,2.94,2.37,8.9,140,5000,21,27,41905
988,2,kia coupe,gas,turbo,two,hatchback,fwd,rear,110.6,155.4,67.1,53.4,3558,rotor,two,137,2bbl,2.84,3.7,9.9,57,6500,21,30,33076
989,3,kia wagon,gas,turbo,four,convertible,4wd,rear,109.9,144.9,71.9,53.0,2785,dohc,three,99,spdi,3.31,3.71,11.2,239,4500,22,29,35328
990,0,volkswagen sedan,diesel,turbo,two,hardtop,4wd,rear,98.6,209.1,71.4,55.5,2186,l,six,167,spdi,2.9,3.28,9.1,182,4200,28,32,15194
991,1,honda hatchback,gas,turbo,two,hatchback,fwd,front,107.5,163.4,61.3,58.5,3739,ohc,three,258,mpfi,3.27,2.33,11.0,214,5500,12,22,5461
992,3,volkswagen sedan,gas,std,four,hardtop,fwd,front,102.4,150.3,68.3,52.7,3985,ohcf,three,200,spdi,3.49,4.12,10.3,203,5500,24,33,8029
993,-2,nissan wagon,diesel,turbo,four,hardtop,4wd,front,119.9,153.4,65.3,53.4,3494,l,three,111,2bbl,3.76,3.65,11.4,73,5000,19,27,26579
994,3,chevrolet wagon,gas,turbo,two,sedan,4wd,rear,107.0,187.3,71.1,54.2,4411,dohc,four,82,1bbl,3.05,3.27,8.0,296,4200,22,25,25405
995,1,toyota sedan,gas,std,four,sedan,fwd,rear,104.2,171.1,64.9,57.0,3686,rotor,two,79,spdi,3.46,4.2,9.3,162,6000,14,21,8502
996,-1,ford suv,diesel,turbo,four,wagon,rwd,rear,105.5,160.5,73.7,59.9,3233,l,four,71,mpfi,3.15,4.34,10.1,170,4500,39,44,37676
997,-2,chevrolet coupe,diesel,turbo,four,hatchback,4wd,front,108.5,156.3,67.6,59.5,2353,ohc,three,105,1bbl,3.34,4.3,10.3,212,4500,28,34,19861
998,0,honda wagon,diesel,std,four,wagon,4wd,front,105.8,195.8,60.4,53.6,2349,dohc,four,256,idi,3.56,2.97,10.6,136,6500,19,24,46431
999,2,ford sedan,diesel,turbo,two,convertible,fwd,rear,86.1,140.9,62.4,50.0,3603,ohc,five,96,1bbl,3.84,2.25,10.9,124,5000,30,38,48754
1000,3,toyota coupe,diesel,std,four,convertible,rwd,front,111.0,149.0,72.2,58.3,3695,l,four,183,2bbl,3.66,2.07,7.8,294,6500,27,36,27798
